Workbook

Sheet Start Here
B1: Kinondoni House - Finishing Procurement (China)
B2: Main house only. Doors are made locally (their hardware is on the list). Network/CCTV is not on this list.
B4: SET THESE TWO NUMBERS FIRST
B6: USD/CNY rate (CNY per 1 USD) | C6: 7.1 | D6: Placeholder - update before trusting the USD totals.
B7: Extra tiles for cuts & breakage | C7: 0.12 | D7: Added to every tile quantity. 10-15% is normal; slabs break more and cannot be topped up later.
B9: THE SHEETS
B11: Shopping List | C11: Everything to buy, one line each. Fill in price, supplier and status (yellow). Use the filter arrows to see one category or one room.
B12: By Room | C12: Pick a room, print the page. The supplier packs against it; the site team checks the box against it.
B13: Rooms | C13: Room areas. Correct them after measuring on site - tile quantities update by themselves.
B14: Doors | C14: The 22 locally-made doors. Door hardware quantities update by themselves.
B15: Packing | C15: One line per box. The text to write on each box is created for you. Shows total volume and container size.
B16: Quality Guide | C16: What 'highest quality' means for each item, and where to buy in China.
B18: COLOURS
B20: Yellow = type here
B21: Black = calculated, do not type
B22: Grey italic = optional item
B24: TOTALS
B26: Items on the list | C26: =COUNTIF('Shopping List'!$B$5:$B$316,"?*") -> 212
B27: Items with a price | C27: =COUNTIF('Shopping List'!$I$5:$I$316,">0") -> 0
B28: Total CNY | C28: =SUM('Shopping List'!$J$5:$J$316) -> 0
B29: Total USD | C29: =SUM('Shopping List'!$K$5:$K$316) -> 0
B30: of which optional items (CNY) | C30: =SUMIF('Shopping List'!$D$5:$D$316,"*(optional)*",'Shopping List'!$J$5:$J$316) -> 0
B31: Items received at site | C31: =COUNTIF('Shopping List'!$M$5:$M$316,"Received") -> 0
B32: Boxes packed / received | C32: =Packing!B3&" / "&COUNTIF(Packing!L6:L305,"Y") -> 1 / 0
B34: By category | C34: Items | D34: Total CNY | E34: Total USD | F34: Priced | G34: Received
B35: =Lists!A2 -> Tiles | C35: =COUNTIF('Shopping List'!$C$5:$C$316,B35) -> 45 | D35: =SUMIFS('Shopping List'!$J$5:$J$316,'Shopping List'!$C$5:$C$316,B35) -> 0 | E35: =SUMIFS('Shopping List'!$K$5:$K$316,'Shopping List'!$C$5:$C$316,B35) -> 0 | F35: =COUNTIFS('Shopping List'!$C$5:$C$316,B35,'Shopping List'!$I$5:$I$316,">0") -> 0 | G35: =COUNTIFS('Shopping List'!$C$5:$C$316,B35,'Shopping List'!$M$5:$M$316,"Received") -> 0
B36: =Lists!A3 -> Sanitary | C36: =COUNTIF('Shopping List'!$C$5:$C$316,B36) -> 66 | D36: =SUMIFS('Shopping List'!$J$5:$J$316,'Shopping List'!$C$5:$C$316,B36) -> 0 | E36: =SUMIFS('Shopping List'!$K$5:$K$316,'Shopping List'!$C$5:$C$316,B36) -> 0 | F36: =COUNTIFS('Shopping List'!$C$5:$C$316,B36,'Shopping List'!$I$5:$I$316,">0") -> 0 | G36: =COUNTIFS('Shopping List'!$C$5:$C$316,B36,'Shopping List'!$M$5:$M$316,"Received") -> 0
B37: =Lists!A4 -> Lighting | C37: =COUNTIF('Shopping List'!$C$5:$C$316,B37) -> 13 | D37: =SUMIFS('Shopping List'!$J$5:$J$316,'Shopping List'!$C$5:$C$316,B37) -> 0 | E37: =SUMIFS('Shopping List'!$K$5:$K$316,'Shopping List'!$C$5:$C$316,B37) -> 0 | F37: =COUNTIFS('Shopping List'!$C$5:$C$316,B37,'Shopping List'!$I$5:$I$316,">0") -> 0 | G37: =COUNTIFS('Shopping List'!$C$5:$C$316,B37,'Shopping List'!$M$5:$M$316,"Received") -> 0
B38: =Lists!A5 -> Windows | C38: =COUNTIF('Shopping List'!$C$5:$C$316,B38) -> 7 | D38: =SUMIFS('Shopping List'!$J$5:$J$316,'Shopping List'!$C$5:$C$316,B38) -> 0 | E38: =SUMIFS('Shopping List'!$K$5:$K$316,'Shopping List'!$C$5:$C$316,B38) -> 0 | F38: =COUNTIFS('Shopping List'!$C$5:$C$316,B38,'Shopping List'!$I$5:$I$316,">0") -> 0 | G38: =COUNTIFS('Shopping List'!$C$5:$C$316,B38,'Shopping List'!$M$5:$M$316,"Received") -> 0
B39: =Lists!A6 -> Switches & Sockets | C39: =COUNTIF('Shopping List'!$C$5:$C$316,B39) -> 15 | D39: =SUMIFS('Shopping List'!$J$5:$J$316,'Shopping List'!$C$5:$C$316,B39) -> 0 | E39: =SUMIFS('Shopping List'!$K$5:$K$316,'Shopping List'!$C$5:$C$316,B39) -> 0 | F39: =COUNTIFS('Shopping List'!$C$5:$C$316,B39,'Shopping List'!$I$5:$I$316,">0") -> 0 | G39: =COUNTIFS('Shopping List'!$C$5:$C$316,B39,'Shopping List'!$M$5:$M$316,"Received") -> 0
B40: =Lists!A7 -> Door Hardware | C40: =COUNTIF('Shopping List'!$C$5:$C$316,B40) -> 18 | D40: =SUMIFS('Shopping List'!$J$5:$J$316,'Shopping List'!$C$5:$C$316,B40) -> 0 | E40: =SUMIFS('Shopping List'!$K$5:$K$316,'Shopping List'!$C$5:$C$316,B40) -> 0 | F40: =COUNTIFS('Shopping List'!$C$5:$C$316,B40,'Shopping List'!$I$5:$I$316,">0") -> 0 | G40: =COUNTIFS('Shopping List'!$C$5:$C$316,B40,'Shopping List'!$M$5:$M$316,"Received") -> 0
B41: =Lists!A8 -> Kitchen | C41: =COUNTIF('Shopping List'!$C$5:$C$316,B41) -> 14 | D41: =SUMIFS('Shopping List'!$J$5:$J$316,'Shopping List'!$C$5:$C$316,B41) -> 0 | E41: =SUMIFS('Shopping List'!$K$5:$K$316,'Shopping List'!$C$5:$C$316,B41) -> 0 | F41: =COUNTIFS('Shopping List'!$C$5:$C$316,B41,'Shopping List'!$I$5:$I$316,">0") -> 0 | G41: =COUNTIFS('Shopping List'!$C$5:$C$316,B41,'Shopping List'!$M$5:$M$316,"Received") -> 0
B42: =Lists!A9 -> Dining | C42: =COUNTIF('Shopping List'!$C$5:$C$316,B42) -> 4 | D42: =SUMIFS('Shopping List'!$J$5:$J$316,'Shopping List'!$C$5:$C$316,B42) -> 0 | E42: =SUMIFS('Shopping List'!$K$5:$K$316,'Shopping List'!$C$5:$C$316,B42) -> 0 | F42: =COUNTIFS('Shopping List'!$C$5:$C$316,B42,'Shopping List'!$I$5:$I$316,">0") -> 0 | G42: =COUNTIFS('Shopping List'!$C$5:$C$316,B42,'Shopping List'!$M$5:$M$316,"Received") -> 0
B43: =Lists!A10 -> Living Room | C43: =COUNTIF('Shopping List'!$C$5:$C$316,B43) -> 6 | D43: =SUMIFS('Shopping List'!$J$5:$J$316,'Shopping List'!$C$5:$C$316,B43) -> 0 | E43: =SUMIFS('Shopping List'!$K$5:$K$316,'Shopping List'!$C$5:$C$316,B43) -> 0 | F43: =COUNTIFS('Shopping List'!$C$5:$C$316,B43,'Shopping List'!$I$5:$I$316,">0") -> 0 | G43: =COUNTIFS('Shopping List'!$C$5:$C$316,B43,'Shopping List'!$M$5:$M$316,"Received") -> 0
B44: =Lists!A11 -> Master Bedroom | C44: =COUNTIF('Shopping List'!$C$5:$C$316,B44) -> 10 | D44: =SUMIFS('Shopping List'!$J$5:$J$316,'Shopping List'!$C$5:$C$316,B44) -> 0 | E44: =SUMIFS('Shopping List'!$K$5:$K$316,'Shopping List'!$C$5:$C$316,B44) -> 0 | F44: =COUNTIFS('Shopping List'!$C$5:$C$316,B44,'Shopping List'!$I$5:$I$316,">0") -> 0 | G44: =COUNTIFS('Shopping List'!$C$5:$C$316,B44,'Shopping List'!$M$5:$M$316,"Received") -> 0
B45: =Lists!A12 -> Water Treatment (RO) | C45: =COUNTIF('Shopping List'!$C$5:$C$316,B45) -> 9 | D45: =SUMIFS('Shopping List'!$J$5:$J$316,'Shopping List'!$C$5:$C$316,B45) -> 0 | E45: =SUMIFS('Shopping List'!$K$5:$K$316,'Shopping List'!$C$5:$C$316,B45) -> 0 | F45: =COUNTIFS('Shopping List'!$C$5:$C$316,B45,'Shopping List'!$I$5:$I$316,">0") -> 0 | G45: =COUNTIFS('Shopping List'!$C$5:$C$316,B45,'Shopping List'!$M$5:$M$316,"Received") -> 0
B46: =Lists!A13 -> Tools & Spares | C46: =COUNTIF('Shopping List'!$C$5:$C$316,B46) -> 5 | D46: =SUMIFS('Shopping List'!$J$5:$J$316,'Shopping List'!$C$5:$C$316,B46) -> 0 | E46: =SUMIFS('Shopping List'!$K$5:$K$316,'Shopping List'!$C$5:$C$316,B46) -> 0 | F46: =COUNTIFS('Shopping List'!$C$5:$C$316,B46,'Shopping List'!$I$5:$I$316,">0") -> 0 | G46: =COUNTIFS('Shopping List'!$C$5:$C$316,B46,'Shopping List'!$M$5:$M$316,"Received") -> 0
B47: TOTAL | C47: =SUM(C35:C46) -> 212 | D47: =SUM(D35:D46) -> 0 | E47: =SUM(E35:E46) -> 0 | F47: =SUM(F35:F46) -> 0 | G47: =SUM(G35:G46) -> 0
B49: STILL TO CONFIRM
B51: • Cooking fuel: induction or gas (the hob is listed as induction).
B52: • Water heaters are listed as optional (they are in the BOQ) - decide.
B53: • Windows: sizes are BOQ sizes - re-measure every opening before ordering.
B54: • Switches, sockets and downlights: counts are estimated from the ELEC drawings - electrician to count the boxes.
B55: • Doors: 22 main-house doors listed - confirm with the carpenter's schedule.
B56: • RO plant: test the borehole water first (TDS, chloride, hardness, iron) and give the result to the supplier.
B57: • Tile areas are estimated from the drawings - measure each room before ordering.

Sheet Shopping List
A1: Shopping List
A2: Yellow = type here (price, supplier, status). Black = calculated. Click the filter arrows on row 4 to see one category or one room. Add new items in the empty rows at the bottom.
A4: ID | B4: Room | C4: Category | D4: Item | E4: Must-have spec | F4: Size / Finish | G4: Qty | H4: Unit | I4: Price (CNY) | J4: Total CNY | K4: Total USD | L4: Supplier | M4: Status | N4: Notes | O4: _
A5: GF-ENT-01 | B5: GF-ENT - Entrance | C5: Tiles | D5: Floor - big porcelain slab (+ extra % for cuts) | E5: Porcelain slab, rectified, absorption <0.5%, marble-look | F5: 1200 x 2400 mm, satin finish | G5: =ROUNDUP(INDEX(Rooms!$C$5:$C$47,MATCH(B5,Rooms!$A$5:$A$47,0))*(1+'Start Here'!$C$7),0) -> 5 | H5: m² | J5: =IF(OR(I5="",G5=""),"",G5*I5) | K5: =IF(J5="","",J5/'Start Here'!$C$6) | M5: To buy | N5: Qty follows the area on the Rooms sheet (estimated - measure on site) | O5: =IF(B5="","",IF(B5='By Room'!$C$4,COUNTIF($B$5:B5,'By Room'!$C$4),""))
A6: GF-HAL-01 | B6: GF-HAL - Hall & Corridors | C6: Tiles | D6: Floor - big porcelain slab (+ extra % for cuts) | E6: Porcelain slab, rectified, absorption <0.5%, marble-look | F6: 1200 x 2400 mm, satin finish | G6: =ROUNDUP(INDEX(Rooms!$C$5:$C$47,MATCH(B6,Rooms!$A$5:$A$47,0))*(1+'Start Here'!$C$7),0) -> 51 | H6: m² | J6: =IF(OR(I6="",G6=""),"",G6*I6) | K6: =IF(J6="","",J6/'Start Here'!$C$6) | M6: To buy | N6: Qty follows the area on the Rooms sheet (estimated - measure on site) | O6: =IF(B6="","",IF(B6='By Room'!$C$4,COUNTIF($B$5:B6,'By Room'!$C$4),""))
A7: GF-LIV-01 | B7: GF-LIV - Living Room | C7: Tiles | D7: Floor - big porcelain slab (+ extra % for cuts) | E7: Porcelain slab, rectified, absorption <0.5%, marble-look | F7: 1200 x 2400 mm, satin finish | G7: =ROUNDUP(INDEX(Rooms!$C$5:$C$47,MATCH(B7,Rooms!$A$5:$A$47,0))*(1+'Start Here'!$C$7),0) -> 32 | H7: m² | J7: =IF(OR(I7="",G7=""),"",G7*I7) | K7: =IF(J7="","",J7/'Start Here'!$C$6) | M7: To buy | N7: Qty follows the area on the Rooms sheet (estimated - measure on site) | O7: =IF(B7="","",IF(B7='By Room'!$C$4,COUNTIF($B$5:B7,'By Room'!$C$4),""))
A8: GF-DIN-01 | B8: GF-DIN - Dining | C8: Tiles | D8: Floor - big porcelain slab (+ extra % for cuts) | E8: Porcelain slab, rectified, absorption <0.5%, marble-look | F8: 1200 x 2400 mm, satin finish | G8: =ROUNDUP(INDEX(Rooms!$C$5:$C$47,MATCH(B8,Rooms!$A$5:$A$47,0))*(1+'Start Here'!$C$7),0) -> 33 | H8: m² | J8: =IF(OR(I8="",G8=""),"",G8*I8) | K8: =IF(J8="","",J8/'Start Here'!$C$6) | M8: To buy | N8: Qty follows the area on the Rooms sheet (estimated - measure on site) | O8: =IF(B8="","",IF(B8='By Room'!$C$4,COUNTIF($B$5:B8,'By Room'!$C$4),""))
A9: GF-KIT-01 | B9: GF-KIT - Kitchen | C9: Tiles | D9: Floor - big porcelain slab (+ extra % for cuts) | E9: Porcelain slab, rectified, absorption <0.5%, marble-look | F9: 1200 x 2400 mm, satin finish | G9: =ROUNDUP(INDEX(Rooms!$C$5:$C$47,MATCH(B9,Rooms!$A$5:$A$47,0))*(1+'Start Here'!$C$7),0) -> 25 | H9: m² | J9: =IF(OR(I9="",G9=""),"",G9*I9) | K9: =IF(J9="","",J9/'Start Here'!$C$6) | M9: To buy | N9: Qty follows the area on the Rooms sheet (estimated - measure on site) | O9: =IF(B9="","",IF(B9='By Room'!$C$4,COUNTIF($B$5:B9,'By Room'!$C$4),"")) -> 1
A10: GF-KIT-02 | B10: GF-KIT - Kitchen | C10: Tiles | D10: Kitchen backsplash slab (+ extra %) | E10: Sintered stone or porcelain slab matching worktop | F10: 1200 x 2400 mm | G10: =ROUNDUP(INDEX(Rooms!$D$5:$D$47,MATCH(B10,Rooms!$A$5:$A$47,0))*(1+'Start Here'!$C$7),0) -> 7 | H10: m² | J10: =IF(OR(I10="",G10=""),"",G10*I10) | K10: =IF(J10="","",J10/'Start Here'!$C$6) | M10: To buy | N10: Qty follows Rooms sheet | O10: =IF(B10="","",IF(B10='By Room'!$C$4,COUNTIF($B$5:B10,'By Room'!$C$4),"")) -> 2
A11: GF-PAN-01 | B11: GF-PAN - Walk-in Pantry | C11: Tiles | D11: Floor - big porcelain slab (+ extra % for cuts) | E11: Porcelain slab, rectified, absorption <0.5%, marble-look | F11: 1200 x 2400 mm, satin finish | G11: =ROUNDUP(INDEX(Rooms!$C$5:$C$47,MATCH(B11,Rooms!$A$5:$A$47,0))*(1+'Start Here'!$C$7),0) -> 8 | H11: m² | J11: =IF(OR(I11="",G11=""),"",G11*I11) | K11: =IF(J11="","",J11/'Start Here'!$C$6) | M11: To buy | N11: Qty follows the area on the Rooms sheet (estimated - measure on site) | O11: =IF(B11="","",IF(B11='By Room'!$C$4,COUNTIF($B$5:B11,'By Room'!$C$4),""))
A12: GF-STR-01 | B12: GF-STR - Store Room | C12: Tiles | D12: Floor - big porcelain slab (+ extra % for cuts) | E12: Porcelain slab, rectified, absorption <0.5%, marble-look | F12: 1200 x 2400 mm, satin finish | G12: =ROUNDUP(INDEX(Rooms!$C$5:$C$47,MATCH(B12,Rooms!$A$5:$A$47,0))*(1+'Start Here'!$C$7),0) -> 7 | H12: m² | J12: =IF(OR(I12="",G12=""),"",G12*I12) | K12: =IF(J12="","",J12/'Start Here'!$C$6) | M12: To buy | N12: Qty follows the area on the Rooms sheet (estimated - measure on site) | O12: =IF(B12="","",IF(B12='By Room'!$C$4,COUNTIF($B$5:B12,'By Room'!$C$4),""))
A13: GF-OFF-01 | B13: GF-OFF - Home Office | C13: Tiles | D13: Floor - big porcelain slab (+ extra % for cuts) | E13: Porcelain slab, rectified, absorption <0.5%, marble-look | F13: 1200 x 2400 mm, satin finish | G13: =ROUNDUP(INDEX(Rooms!$C$5:$C$47,MATCH(B13,Rooms!$A$5:$A$47,0))*(1+'Start Here'!$C$7),0) -> 9 | H13: m² | J13: =IF(OR(I13="",G13=""),"",G13*I13) | K13: =IF(J13="","",J13/'Start Here'!$C$6) | M13: To buy | N13: Qty follows the area on the Rooms sheet (estimated - measure on site) | O13: =IF(B13="","",IF(B13='By Room'!$C$4,COUNTIF($B$5:B13,'By Room'!$C$4),""))
A14: GF-PRY-01 | B14: GF-PRY - Prayer Room | C14: Tiles | D14: Floor - big porcelain slab (+ extra % for cuts) | E14: Porcelain slab, rectified, absorption <0.5%, marble-look | F14: 1200 x 2400 mm, satin finish | G14: =ROUNDUP(INDEX(Rooms!$C$5:$C$47,MATCH(B14,Rooms!$A$5:$A$47,0))*(1+'Start Here'!$C$7),0) -> 10 | H14: m² | J14: =IF(OR(I14="",G14=""),"",G14*I14) | K14: =IF(J14="","",J14/'Start Here'!$C$6) | M14: To buy | N14: Qty follows the area on the Rooms sheet (estimated - measure on site) | O14: =IF(B14="","",IF(B14='By Room'!$C$4,COUNTIF($B$5:B14,'By Room'!$C$4),""))
A15: GF-GBR-01 | B15: GF-GBR - Guest Bedroom | C15: Tiles | D15: Floor - big porcelain slab (+ extra % for cuts) | E15: Porcelain slab, rectified, absorption <0.5%, marble-look | F15: 1200 x 2400 mm, satin finish | G15: =ROUNDUP(INDEX(Rooms!$C$5:$C$47,MATCH(B15,Rooms!$A$5:$A$47,0))*(1+'Start Here'!$C$7),0) -> 19 | H15: m² | J15: =IF(OR(I15="",G15=""),"",G15*I15) | K15: =IF(J15="","",J15/'Start Here'!$C$6) | M15: To buy | N15: Qty follows the area on the Rooms sheet (estimated - measure on site) | O15: =IF(B15="","",IF(B15='By Room'!$C$4,COUNTIF($B$5:B15,'By Room'!$C$4),""))
A16: GF-GBA-01 | B16: GF-GBA - Guest Bathroom | C16: Tiles | D16: Bathroom floor - anti-slip (+ extra %) | E16: Porcelain R11 anti-slip, matt | F16: 600 x 1200 mm, matt | G16: =ROUNDUP(INDEX(Rooms!$C$5:$C$47,MATCH(B16,Rooms!$A$5:$A$47,0))*(1+'Start Here'!$C$7),0) -> 7 | H16: m² | J16: =IF(OR(I16="",G16=""),"",G16*I16) | K16: =IF(J16="","",J16/'Start Here'!$C$6) | M16: To buy | N16: Qty follows Rooms sheet | O16: =IF(B16="","",IF(B16='By Room'!$C$4,COUNTIF($B$5:B16,'By Room'!$C$4),""))
A17: GF-GBA-02 | B17: GF-GBA - Guest Bathroom | C17: Tiles | D17: Bathroom walls - full-height slab (+ extra %) | E17: Porcelain wall slab, floor to ceiling | F17: 1200 x 2400 mm, satin | G17: =ROUNDUP(INDEX(Rooms!$D$5:$D$47,MATCH(B17,Rooms!$A$5:$A$47,0))*(1+'Start Here'!$C$7),0) -> 31 | H17: m² | J17: =IF(OR(I17="",G17=""),"",G17*I17) | K17: =IF(J17="","",J17/'Start Here'!$C$6) | M17: To buy | N17: Qty follows Rooms sheet (perimeter x 2.7 m) | O17: =IF(B17="","",IF(B17='By Room'!$C$4,COUNTIF($B$5:B17,'By Room'!$C$4),""))
A18: GF-PWC-01 | B18: GF-PWC - Public WC | C18: Tiles | D18: Bathroom floor - anti-slip (+ extra %) | E18: Porcelain R11 anti-slip, matt | F18: 600 x 1200 mm, matt | G18: =ROUNDUP(INDEX(Rooms!$C$5:$C$47,MATCH(B18,Rooms!$A$5:$A$47,0))*(1+'Start Here'!$C$7),0) -> 3 | H18: m² | J18: =IF(OR(I18="",G18=""),"",G18*I18) | K18: =IF(J18="","",J18/'Start Here'!$C$6) | M18: To buy | N18: Qty follows Rooms sheet | O18: =IF(B18="","",IF(B18='By Room'!$C$4,COUNTIF($B$5:B18,'By Room'!$C$4),""))
A19: GF-PWC-02 | B19: GF-PWC - Public WC | C19: Tiles | D19: Bathroom walls - full-height slab (+ extra %) | E19: Porcelain wall slab, floor to ceiling | F19: 1200 x 2400 mm, satin | G19: =ROUNDUP(INDEX(Rooms!$D$5:$D$47,MATCH(B19,Rooms!$A$5:$A$47,0))*(1+'Start Here'!$C$7),0) -> 17 | H19: m² | J19: =IF(OR(I19="",G19=""),"",G19*I19) | K19: =IF(J19="","",J19/'Start Here'!$C$6) | M19: To buy | N19: Qty follows Rooms sheet (perimeter x 2.7 m) | O19: =IF(B19="","",IF(B19='By Room'!$C$4,COUNTIF($B$5:B19,'By Room'!$C$4),""))
A20: GF-VER-01 | B20: GF-VER - Kitchen Verandah | C20: Tiles | D20: Heavy-duty outdoor floor 20 mm (+ extra %) | E20: 20 mm porcelain R11, car-load strength | F20: 600 x 1200 x 20 mm, dark grey | G20: =ROUNDUP(INDEX(Rooms!$C$5:$C$47,MATCH(B20,Rooms!$A$5:$A$47,0))*(1+'Start Here'!$C$7),0) -> 11 | H20: m² | J20: =IF(OR(I20="",G20=""),"",G20*I20) | K20: =IF(J20="","",J20/'Start Here'!$C$6) | M20: To buy | N20: Dark grey to match charcoal driveway pavers | O20: =IF(B20="","",IF(B20='By Room'!$C$4,COUNTIF($B$5:B20,'By Room'!$C$4),""))
A21: GF-PRK-01 | B21: GF-PRK - Carport | C21: Tiles | D21: Heavy-duty outdoor floor 20 mm (+ extra %) | E21: 20 mm porcelain R11, car-load strength | F21: 600 x 1200 x 20 mm, dark grey | G21: =ROUNDUP(INDEX(Rooms!$C$5:$C$47,MATCH(B21,Rooms!$A$5:$A$47,0))*(1+'Start Here'!$C$7),0) -> 36 | H21: m² | J21: =IF(OR(I21="",G21=""),"",G21*I21) | K21: =IF(J21="","",J21/'Start Here'!$C$6) | M21: To buy | N21: Dark grey to match charcoal driveway pavers | O21: =IF(B21="","",IF(B21='By Room'!$C$4,COUNTIF($B$5:B21,'By Room'!$C$4),""))
A22: GF-STA-01 | B22: GF-STA - Stairs Ground to First | C22: Tiles | D22: Stair treads with anti-slip nosing | E22: Porcelain step tread, grooved nosing, same colour as floor | F22: 1200 x 330 mm | G22: 24 | H22: pcs | J22: =IF(OR(I22="",G22=""),"",G22*I22) | K22: =IF(J22="","",J22/'Start Here'!$C$6) | M22: To buy | N22: 21 treads + 3 spare | O22: =IF(B22="","",IF(B22='By Room'!$C$4,COUNTIF($B$5:B22,'By Room'!$C$4),""))
A23: GF-STA-02 | B23: GF-STA - Stairs Ground to First | C23: Tiles | D23: Stair risers | E23: Porcelain riser matching tread | F23: 1200 x 160 mm | G23: 25 | H23: pcs | J23: =IF(OR(I23="",G23=""),"",G23*I23) | K23: =IF(J23="","",J23/'Start Here'!$C$6) | M23: To buy | N23: 22 risers + 3 spare | O23: =IF(B23="","",IF(B23='By Room'!$C$4,COUNTIF($B$5:B23,'By Room'!$C$4),""))
A24: GF-STA-03 | B24: GF-STA - Stairs Ground to First | C24: Tiles | D24: Stair landings (cut from floor slab) | E24: Same slab as floors | F24: 1200 x 2400 mm | G24: 6 | H24: m² | J24: =IF(OR(I24="",G24=""),"",G24*I24) | K24: =IF(J24="","",J24/'Start Here'!$C$6) | M24: To buy | N24: Assumed - measure landings | O24: =IF(B24="","",IF(B24='By Room'!$C$4,COUNTIF($B$5:B24,'By Room'!$C$4),""))
A25: FF-LND-01 | B25: FF-LND - Landing & Corridor | C25: Tiles | D25: Floor - big porcelain slab (+ extra % for cuts) | E25: Porcelain slab, rectified, absorption <0.5%, marble-look | F25: 1200 x 2400 mm, satin finish | G25: =ROUNDUP(INDEX(Rooms!$C$5:$C$47,MATCH(B25,Rooms!$A$5:$A$47,0))*(1+'Start Here'!$C$7),0) -> 40 | H25: m² | J25: =IF(OR(I25="",G25=""),"",G25*I25) | K25: =IF(J25="","",J25/'Start Here'!$C$6) | M25: To buy | N25: Qty follows the area on the Rooms sheet (estimated - measure on site) | O25: =IF(B25="","",IF(B25='By Room'!$C$4,COUNTIF($B$5:B25,'By Room'!$C$4),""))
A26: FF-MBR-01 | B26: FF-MBR - Master Bedroom | C26: Tiles | D26: Floor - big porcelain slab (+ extra % for cuts) | E26: Porcelain slab, rectified, absorption <0.5%, marble-look | F26: 1200 x 2400 mm, satin finish | G26: =ROUNDUP(INDEX(Rooms!$C$5:$C$47,MATCH(B26,Rooms!$A$5:$A$47,0))*(1+'Start Here'!$C$7),0) -> 32 | H26: m² | J26: =IF(OR(I26="",G26=""),"",G26*I26) | K26: =IF(J26="","",J26/'Start Here'!$C$6) | M26: To buy | N26: Qty follows the area on the Rooms sheet (estimated - measure on site) | O26: =IF(B26="","",IF(B26='By Room'!$C$4,COUNTIF($B$5:B26,'By Room'!$C$4),""))
A27: FF-MBA-01 | B27: FF-MBA - Master Bathroom | C27: Tiles | D27: Bathroom floor - anti-slip (+ extra %) | E27: Porcelain R11 anti-slip, matt | F27: 600 x 1200 mm, matt | G27: =ROUNDUP(INDEX(Rooms!$C$5:$C$47,MATCH(B27,Rooms!$A$5:$A$47,0))*(1+'Start Here'!$C$7),0) -> 10 | H27: m² | J27: =IF(OR(I27="",G27=""),"",G27*I27) | K27: =IF(J27="","",J27/'Start Here'!$C$6) | M27: To buy | N27: Qty follows Rooms sheet | O27: =IF(B27="","",IF(B27='By Room'!$C$4,COUNTIF($B$5:B27,'By Room'!$C$4),""))
A28: FF-MBA-02 | B28: FF-MBA - Master Bathroom | C28: Tiles | D28: Bathroom walls - full-height slab (+ extra %) | E28: Porcelain wall slab, floor to ceiling | F28: 1200 x 2400 mm, satin | G28: =ROUNDUP(INDEX(Rooms!$D$5:$D$47,MATCH(B28,Rooms!$A$5:$A$47,0))*(1+'Start Here'!$C$7),0) -> 33 | H28: m² | J28: =IF(OR(I28="",G28=""),"",G28*I28) | K28: =IF(J28="","",J28/'Start Here'!$C$6) | M28: To buy | N28: Qty follows Rooms sheet (perimeter x 2.7 m) | O28: =IF(B28="","",IF(B28='By Room'!$C$4,COUNTIF($B$5:B28,'By Room'!$C$4),""))
A29: FF-CLO-01 | B29: FF-CLO - Master Closet | C29: Tiles | D29: Floor - big porcelain slab (+ extra % for cuts) | E29: Porcelain slab, rectified, absorption <0.5%, marble-look | F29: 1200 x 2400 mm, satin finish | G29: =ROUNDUP(INDEX(Rooms!$C$5:$C$47,MATCH(B29,Rooms!$A$5:$A$47,0))*(1+'Start Here'!$C$7),0) -> 11 | H29: m² | J29: =IF(OR(I29="",G29=""),"",G29*I29) | K29: =IF(J29="","",J29/'Start Here'!$C$6) | M29: To buy | N29: Qty follows the area on the Rooms sheet (estimated - measure on site) | O29: =IF(B29="","",IF(B29='By Room'!$C$4,COUNTIF($B$5:B29,'By Room'!$C$4),""))
A30: FF-BR1-01 | B30: FF-BR1 - Bedroom 1 | C30: Tiles | D30: Floor - big porcelain slab (+ extra % for cuts) | E30: Porcelain slab, rectified, absorption <0.5%, marble-look | F30: 1200 x 2400 mm, satin finish | G30: =ROUNDUP(INDEX(Rooms!$C$5:$C$47,MATCH(B30,Rooms!$A$5:$A$47,0))*(1+'Start Here'!$C$7),0) -> 19 | H30: m² | J30: =IF(OR(I30="",G30=""),"",G30*I30) | K30: =IF(J30="","",J30/'Start Here'!$C$6) | M30: To buy | N30: Qty follows the area on the Rooms sheet (estimated - measure on site) | O30: =IF(B30="","",IF(B30='By Room'!$C$4,COUNTIF($B$5:B30,'By Room'!$C$4),""))
A31: FF-BA1-01 | B31: FF-BA1 - Bathroom 1 | C31: Tiles | D31: Bathroom floor - anti-slip (+ extra %) | E31: Porcelain R11 anti-slip, matt | F31: 600 x 1200 mm, matt | G31: =ROUNDUP(INDEX(Rooms!$C$5:$C$47,MATCH(B31,Rooms!$A$5:$A$47,0))*(1+'Start Here'!$C$7),0) -> 7 | H31: m² | J31: =IF(OR(I31="",G31=""),"",G31*I31) | K31: =IF(J31="","",J31/'Start Here'!$C$6) | M31: To buy | N31: Qty follows Rooms sheet | O31: =IF(B31="","",IF(B31='By Room'!$C$4,COUNTIF($B$5:B31,'By Room'!$C$4),""))
A32: FF-BA1-02 | B32: FF-BA1 - Bathroom 1 | C32: Tiles | D32: Bathroom walls - full-height slab (+ extra %) | E32: Porcelain wall slab, floor to ceiling | F32: 1200 x 2400 mm, satin | G32: =ROUNDUP(INDEX(Rooms!$D$5:$D$47,MATCH(B32,Rooms!$A$5:$A$47,0))*(1+'Start Here'!$C$7),0) -> 31 | H32: m² | J32: =IF(OR(I32="",G32=""),"",G32*I32) | K32: =IF(J32="","",J32/'Start Here'!$C$6) | M32: To buy | N32: Qty follows Rooms sheet (perimeter x 2.7 m) | O32: =IF(B32="","",IF(B32='By Room'!$C$4,COUNTIF($B$5:B32,'By Room'!$C$4),""))
A33: FF-BR2-01 | B33: FF-BR2 - Bedroom 2 | C33: Tiles | D33: Floor - big porcelain slab (+ extra % for cuts) | E33: Porcelain slab, rectified, absorption <0.5%, marble-look | F33: 1200 x 2400 mm, satin finish | G33: =ROUNDUP(INDEX(Rooms!$C$5:$C$47,MATCH(B33,Rooms!$A$5:$A$47,0))*(1+'Start Here'!$C$7),0) -> 17 | H33: m² | J33: =IF(OR(I33="",G33=""),"",G33*I33) | K33: =IF(J33="","",J33/'Start Here'!$C$6) | M33: To buy | N33: Qty follows the area on the Rooms sheet (estimated - measure on site) | O33: =IF(B33="","",IF(B33='By Room'!$C$4,COUNTIF($B$5:B33,'By Room'!$C$4),""))
A34: FF-BA2-01 | B34: FF-BA2 - Bathroom 2 | C34: Tiles | D34: Bathroom floor - anti-slip (+ extra %) | E34: Porcelain R11 anti-slip, matt | F34: 600 x 1200 mm, matt | G34: =ROUNDUP(INDEX(Rooms!$C$5:$C$47,MATCH(B34,Rooms!$A$5:$A$47,0))*(1+'Start Here'!$C$7),0) -> 8 | H34: m² | J34: =IF(OR(I34="",G34=""),"",G34*I34) | K34: =IF(J34="","",J34/'Start Here'!$C$6) | M34: To buy | N34: Qty follows Rooms sheet | O34: =IF(B34="","",IF(B34='By Room'!$C$4,COUNTIF($B$5:B34,'By Room'!$C$4),""))
A35: FF-BA2-02 | B35: FF-BA2 - Bathroom 2 | C35: Tiles | D35: Bathroom walls - full-height slab (+ extra %) | E35: Porcelain wall slab, floor to ceiling | F35: 1200 x 2400 mm, satin | G35: =ROUNDUP(INDEX(Rooms!$D$5:$D$47,MATCH(B35,Rooms!$A$5:$A$47,0))*(1+'Start Here'!$C$7),0) -> 31 | H35: m² | J35: =IF(OR(I35="",G35=""),"",G35*I35) | K35: =IF(J35="","",J35/'Start Here'!$C$6) | M35: To buy | N35: Qty follows Rooms sheet (perimeter x 2.7 m) | O35: =IF(B35="","",IF(B35='By Room'!$C$4,COUNTIF($B$5:B35,'By Room'!$C$4),""))
A36: FF-BR3-01 | B36: FF-BR3 - Bedroom 3 | C36: Tiles | D36: Floor - big porcelain slab (+ extra % for cuts) | E36: Porcelain slab, rectified, absorption <0.5%, marble-look | F36: 1200 x 2400 mm, satin finish | G36: =ROUNDUP(INDEX(Rooms!$C$5:$C$47,MATCH(B36,Rooms!$A$5:$A$47,0))*(1+'Start Here'!$C$7),0) -> 18 | H36: m² | J36: =IF(OR(I36="",G36=""),"",G36*I36) | K36: =IF(J36="","",J36/'Start Here'!$C$6) | M36: To buy | N36: Qty follows the area on the Rooms sheet (estimated - measure on site) | O36: =IF(B36="","",IF(B36='By Room'!$C$4,COUNTIF($B$5:B36,'By Room'!$C$4),""))
A37: FF-BA3-01 | B37: FF-BA3 - Bathroom 3 | C37: Tiles | D37: Bathroom floor - anti-slip (+ extra %) | E37: Porcelain R11 anti-slip, matt | F37: 600 x 1200 mm, matt | G37: =ROUNDUP(INDEX(Rooms!$C$5:$C$47,MATCH(B37,Rooms!$A$5:$A$47,0))*(1+'Start Here'!$C$7),0) -> 5 | H37: m² | J37: =IF(OR(I37="",G37=""),"",G37*I37) | K37: =IF(J37="","",J37/'Start Here'!$C$6) | M37: To buy | N37: Qty follows Rooms sheet | O37: =IF(B37="","",IF(B37='By Room'!$C$4,COUNTIF($B$5:B37,'By Room'!$C$4),""))
A38: FF-BA3-02 | B38: FF-BA3 - Bathroom 3 | C38: Tiles | D38: Bathroom walls - full-height slab (+ extra %) | E38: Porcelain wall slab, floor to ceiling | F38: 1200 x 2400 mm, satin | G38: =ROUNDUP(INDEX(Rooms!$D$5:$D$47,MATCH(B38,Rooms!$A$5:$A$47,0))*(1+'Start Here'!$C$7),0) -> 24 | H38: m² | J38: =IF(OR(I38="",G38=""),"",G38*I38) | K38: =IF(J38="","",J38/'Start Here'!$C$6) | M38: To buy | N38: Qty follows Rooms sheet (perimeter x 2.7 m) | O38: =IF(B38="","",IF(B38='By Room'!$C$4,COUNTIF($B$5:B38,'By Room'!$C$4),""))
A39: FF-FAM-01 | B39: FF-FAM - Family Lounge | C39: Tiles | D39: Floor - big porcelain slab (+ extra % for cuts) | E39: Porcelain slab, rectified, absorption <0.5%, marble-look | F39: 1200 x 2400 mm, satin finish | G39: =ROUNDUP(INDEX(Rooms!$C$5:$C$47,MATCH(B39,Rooms!$A$5:$A$47,0))*(1+'Start Here'!$C$7),0) -> 32 | H39: m² | J39: =IF(OR(I39="",G39=""),"",G39*I39) | K39: =IF(J39="","",J39/'Start Here'!$C$6) | M39: To buy | N39: Qty follows the area on the Rooms sheet (estimated - measure on site) | O39: =IF(B39="","",IF(B39='By Room'!$C$4,COUNTIF($B$5:B39,'By Room'!$C$4),""))
A40: FF-BAL-01 | B40: FF-BAL - Balconies (all 4) | C40: Tiles | D40: Outdoor floor 20 mm (+ extra %) | E40: 20 mm porcelain, R11, UV stable | F40: 600 x 1200 x 20 mm, stone-look | G40: =ROUNDUP(INDEX(Rooms!$C$5:$C$47,MATCH(B40,Rooms!$A$5:$A$47,0))*(1+'Start Here'!$C$7),0) -> 40 | H40: m² | J40: =IF(OR(I40="",G40=""),"",G40*I40) | K40: =IF(J40="","",J40/'Start Here'!$C$6) | M40: To buy | N40: Qty follows Rooms sheet | O40: =IF(B40="","",IF(B40='By Room'!$C$4,COUNTIF($B$5:B40,'By Room'!$C$4),""))
A41: FF-STA-01 | B41: FF-STA - Stairs First to Roof | C41: Tiles | D41: Stair treads with anti-slip nosing | E41: Porcelain step tread, grooved nosing, same colour as floor | F41: 1200 x 330 mm | G41: 24 | H41: pcs | J41: =IF(OR(I41="",G41=""),"",G41*I41) | K41: =IF(J41="","",J41/'Start Here'!$C$6) | M41: To buy | N41: 21 treads + 3 spare | O41: =IF(B41="","",IF(B41='By Room'!$C$4,COUNTIF($B$5:B41,'By Room'!$C$4),""))
A42: FF-STA-02 | B42: FF-STA - Stairs First to Roof | C42: Tiles | D42: Stair risers | E42: Porcelain riser matching tread | F42: 1200 x 160 mm | G42: 25 | H42: pcs | J42: =IF(OR(I42="",G42=""),"",G42*I42) | K42: =IF(J42="","",J42/'Start Here'!$C$6) | M42: To buy | N42: 22 risers + 3 spare | O42: =IF(B42="","",IF(B42='By Room'!$C$4,COUNTIF($B$5:B42,'By Room'!$C$4),""))
A43: FF-STA-03 | B43: FF-STA - Stairs First to Roof | C43: Tiles | D43: Stair landings (cut from floor slab) | E43: Same slab as floors | F43: 1200 x 2400 mm | G43: 6 | H43: m² | J43: =IF(OR(I43="",G43=""),"",G43*I43) | K43: =IF(J43="","",J43/'Start Here'!$C$6) | M43: To buy | N43: Assumed - measure landings | O43: =IF(B43="","",IF(B43='By Room'!$C$4,COUNTIF($B$5:B43,'By Room'!$C$4),""))
A44: RF-GYM-01 | B44: RF-GYM - Gym | C44: Tiles | D44: Gym floor - matt anti-slip (+ extra %) | E44: Porcelain R10 matt (rubber mats under weights - buy locally) | F44: 600 x 1200 mm | G44: =ROUNDUP(INDEX(Rooms!$C$5:$C$47,MATCH(B44,Rooms!$A$5:$A$47,0))*(1+'Start Here'!$C$7),0) -> 53 | H44: m² | J44: =IF(OR(I44="",G44=""),"",G44*I44) | K44: =IF(J44="","",J44/'Start Here'!$C$6) | M44: To buy | N44: Qty follows Rooms sheet | O44: =IF(B44="","",IF(B44='By Room'!$C$4,COUNTIF($B$5:B44,'By Room'!$C$4),""))
A45: RF-WC-01 | B45: RF-WC - Roof WC | C45: Tiles | D45: Bathroom floor - anti-slip (+ extra %) | E45: Porcelain R11 anti-slip, matt | F45: 600 x 1200 mm, matt | G45: =ROUNDUP(INDEX(Rooms!$C$5:$C$47,MATCH(B45,Rooms!$A$5:$A$47,0))*(1+'Start Here'!$C$7),0) -> 3 | H45: m² | J45: =IF(OR(I45="",G45=""),"",G45*I45) | K45: =IF(J45="","",J45/'Start Here'!$C$6) | M45: To buy | N45: Qty follows Rooms sheet | O45: =IF(B45="","",IF(B45='By Room'!$C$4,COUNTIF($B$5:B45,'By Room'!$C$4),""))
A46: RF-WC-02 | B46: RF-WC - Roof WC | C46: Tiles | D46: Bathroom walls - full-height slab (+ extra %) | E46: Porcelain wall slab, floor to ceiling | F46: 1200 x 2400 mm, satin | G46: =ROUNDUP(INDEX(Rooms!$D$5:$D$47,MATCH(B46,Rooms!$A$5:$A$47,0))*(1+'Start Here'!$C$7),0) -> 15 | H46: m² | J46: =IF(OR(I46="",G46=""),"",G46*I46) | K46: =IF(J46="","",J46/'Start Here'!$C$6) | M46: To buy | N46: Qty follows Rooms sheet (perimeter x 2.7 m) | O46: =IF(B46="","",IF(B46='By Room'!$C$4,COUNTIF($B$5:B46,'By Room'!$C$4),""))
A47: RF-LOB-01 | B47: RF-LOB - Roof Lobby | C47: Tiles | D47: Outdoor floor 20 mm (+ extra %) | E47: 20 mm porcelain, R11, UV stable | F47: 600 x 1200 x 20 mm, stone-look | G47: =ROUNDUP(INDEX(Rooms!$C$5:$C$47,MATCH(B47,Rooms!$A$5:$A$47,0))*(1+'Start Here'!$C$7),0) -> 21 | H47: m² | J47: =IF(OR(I47="",G47=""),"",G47*I47) | K47: =IF(J47="","",J47/'Start Here'!$C$6) | M47: To buy | N47: Qty follows Rooms sheet | O47: =IF(B47="","",IF(B47='By Room'!$C$4,COUNTIF($B$5:B47,'By Room'!$C$4),""))
A48: RF-TER-01 | B48: RF-TER - Roof Terrace (Phase II) | C48: Tiles | D48: Outdoor floor 20 mm - terrace (optional) | E48: 20 mm porcelain R11; can sit on pedestals later | F48: 600 x 1200 x 20 mm | G48: =ROUNDUP(INDEX(Rooms!$C$5:$C$47,MATCH(B48,Rooms!$A$5:$A$47,0))*(1+'Start Here'!$C$7),0) -> 124 | H48: m² | J48: =IF(OR(I48="",G48=""),"",G48*I48) | K48: =IF(J48="","",J48/'Start Here'!$C$6) | M48: To buy | N48: Phase II - only if budget allows (same batch as balconies) | O48: =IF(B48="","",IF(B48='By Room'!$C$4,COUNTIF($B$5:B48,'By Room'!$C$4),""))
A49: ALL-01 | B49: ALL - Whole house | C49: Tiles | D49: Skirting for all floors | E49: Porcelain skirting matching floor slab (or cut from offcuts on site) | F49: 1200 x 100 mm | G49: 340 | H49: lm | J49: =IF(OR(I49="",G49=""),"",G49*I49) | K49: =IF(J49="","",J49/'Start Here'!$C$6) | M49: To buy | N49: Assumed 310 lm + 10% | O49: =IF(B49="","",IF(B49='By Room'!$C$4,COUNTIF($B$5:B49,'By Room'!$C$4),""))
A50: GF-DIN-02 | B50: GF-DIN - Dining | C50: Sanitary | D50: Dining hand-wash basin on small cabinet + mixer | E50: Ceramic/sintered basin; mixer SUS316L stainless body (not 304, not zinc, not plated brass), ceramic cartridge, PVD finish | F50: 600 x 450 mm | G50: 1 | H50: set | J50: =IF(OR(I50="",G50=""),"",G50*I50) | K50: =IF(J50="","",J50/'Start Here'!$C$6) | M50: To buy | N50: Shown on drawing A-104 | O50: =IF(B50="","",IF(B50='By Room'!$C$4,COUNTIF($B$5:B50,'By Room'!$C$4),""))
A51: GF-GBA-03 | B51: GF-GBA - Guest Bathroom | C51: Sanitary | D51: Wall-hung WC + concealed cistern & frame + flush plate | E51: Rimless, soft-close seat; dual flush 3/6 L; plastic/stainless cistern internals (no brass) | F51: White; plate to match fixtures | G51: 1 | H51: set | J51: =IF(OR(I51="",G51=""),"",G51*I51) | K51: =IF(J51="","",J51/'Start Here'!$C$6) | M51: To buy | N51: Frame goes in BEFORE wall tiling | O51: =IF(B51="","",IF(B51='By Room'!$C$4,COUNTIF($B$5:B51,'By Room'!$C$4),""))
A52: GF-GBA-04 | B52: GF-GBA - Guest Bathroom | C52: Sanitary | D52: Floating vanity with basin | E52: No particleboard/MDF - aluminium honeycomb, stainless or E0 marine-ply carcass; Blum/Hettich soft-close; sintered stone top | F52: 800-1000 mm (measure wall) | G52: 1 | H52: set | J52: =IF(OR(I52="",G52=""),"",G52*I52) | K52: =IF(J52="","",J52/'Start Here'!$C$6) | M52: To buy | O52: =IF(B52="","",IF(B52='By Room'!$C$4,COUNTIF($B$5:B52,'By Room'!$C$4),""))
A53: GF-GBA-05 | B53: GF-GBA - Guest Bathroom | C53: Sanitary | D53: Basin mixer | E53: SUS316L stainless body (not 304, not zinc, not plated brass), ceramic cartridge, PVD finish | F53: Single lever, deck-mounted | G53: 1 | H53: pcs | J53: =IF(OR(I53="",G53=""),"",G53*I53) | K53: =IF(J53="","",J53/'Start Here'!$C$6) | M53: To buy | O53: =IF(B53="","",IF(B53='By Room'!$C$4,COUNTIF($B$5:B53,'By Room'!$C$4),""))
A54: GF-GBA-06 | B54: GF-GBA - Guest Bathroom | C54: Sanitary | D54: Concealed thermostatic shower (rain head + hand shower) | E54: SUS316L stainless body (not 304, not zinc, not plated brass), ceramic cartridge, PVD finish; box embedded before tiling | F54: 300 mm rain head | G54: 1 | H54: set | J54: =IF(OR(I54="",G54=""),"",G54*I54) | K54: =IF(J54="","",J54/'Start Here'!$C$6) | M54: To buy | N54: Chase wall before tiling | O54: =IF(B54="","",IF(B54='By Room'!$C$4,COUNTIF($B$5:B54,'By Room'!$C$4),""))
A55: GF-GBA-07 | B55: GF-GBA - Guest Bathroom | C55: Sanitary | D55: Walk-in shower glass screen | E55: 10 mm tempered, easy-clean coating, SUS316 clamps | F55: 900-1200 x 2000 mm | G55: 1 | H55: set | J55: =IF(OR(I55="",G55=""),"",G55*I55) | K55: =IF(J55="","",J55/'Start Here'!$C$6) | M55: To buy | N55: Confirm size | O55: =IF(B55="","",IF(B55='By Room'!$C$4,COUNTIF($B$5:B55,'By Room'!$C$4),""))
A56: GF-GBA-08 | B56: GF-GBA - Guest Bathroom | C56: Sanitary | D56: Drains: linear shower drain 800 mm + floor drain | E56: SUS316L, tile-insert grates, anti-odour | F56: 800 mm + 110 x 110 mm | G56: 1 | H56: set | J56: =IF(OR(I56="",G56=""),"",G56*I56) | K56: =IF(J56="","",J56/'Start Here'!$C$6) | M56: To buy | O56: =IF(B56="","",IF(B56='By Room'!$C$4,COUNTIF($B$5:B56,'By Room'!$C$4),""))
A57: GF-GBA-09 | B57: GF-GBA - Guest Bathroom | C57: Sanitary | D57: Electric water heater 80 L (optional) | E57: Titanium-enamel or glass-lined tank, magnesium anode + spares, 2 kW | F57: 80 L | G57: 1 | H57: pcs | J57: =IF(OR(I57="",G57=""),"",G57*I57) | K57: =IF(J57="","",J57/'Start Here'!$C$6) | M57: To buy | N57: In the BOQ - confirm. Salty water kills cheap tanks | O57: =IF(B57="","",IF(B57='By Room'!$C$4,COUNTIF($B$5:B57,'By Room'!$C$4),""))
A58: GF-GBA-10 | B58: GF-GBA - Guest Bathroom | C58: Sanitary | D58: Bidet hand spray (shattaf) + 3 angle valves | E58: SUS316L stainless body (not 304, not zinc, not plated brass), ceramic cartridge, PVD finish | F58: 1.2 m hose | G58: 1 | H58: set | J58: =IF(OR(I58="",G58=""),"",G58*I58) | K58: =IF(J58="","",J58/'Start Here'!$C$6) | M58: To buy | O58: =IF(B58="","",IF(B58='By Room'!$C$4,COUNTIF($B$5:B58,'By Room'!$C$4),""))
A59: GF-GBA-11 | B59: GF-GBA - Guest Bathroom | C59: Sanitary | D59: LED anti-fog mirror | E59: Touch switch, demister, IP44 | F59: 800x800 | G59: 1 | H59: pcs | J59: =IF(OR(I59="",G59=""),"",G59*I59) | K59: =IF(J59="","",J59/'Start Here'!$C$6) | M59: To buy | O59: =IF(B59="","",IF(B59='By Room'!$C$4,COUNTIF($B$5:B59,'By Room'!$C$4),""))
A60: GF-GBA-12 | B60: GF-GBA - Guest Bathroom | C60: Sanitary | D60: Accessory set (towel rail, hooks, roll holder) | E60: Solid SUS316 | F60: Match fixtures finish | G60: 1 | H60: set | J60: =IF(OR(I60="",G60=""),"",G60*I60) | K60: =IF(J60="","",J60/'Start Here'!$C$6) | M60: To buy | O60: =IF(B60="","",IF(B60='By Room'!$C$4,COUNTIF($B$5:B60,'By Room'!$C$4),""))
A61: GF-PWC-03 | B61: GF-PWC - Public WC | C61: Sanitary | D61: Wall-hung WC + concealed cistern & frame + flush plate | E61: Rimless, soft-close seat; dual flush 3/6 L; plastic/stainless cistern internals (no brass) | F61: White; plate to match fixtures | G61: 1 | H61: set | J61: =IF(OR(I61="",G61=""),"",G61*I61) | K61: =IF(J61="","",J61/'Start Here'!$C$6) | M61: To buy | N61: Frame goes in BEFORE wall tiling | O61: =IF(B61="","",IF(B61='By Room'!$C$4,COUNTIF($B$5:B61,'By Room'!$C$4),""))
A62: GF-PWC-04 | B62: GF-PWC - Public WC | C62: Sanitary | D62: Compact wall-hung basin + SUS316 bottle trap | E62: Ceramic | F62: 500 x 350 mm | G62: 1 | H62: set | J62: =IF(OR(I62="",G62=""),"",G62*I62) | K62: =IF(J62="","",J62/'Start Here'!$C$6) | M62: To buy | O62: =IF(B62="","",IF(B62='By Room'!$C$4,COUNTIF($B$5:B62,'By Room'!$C$4),""))
A63: GF-PWC-05 | B63: GF-PWC - Public WC | C63: Sanitary | D63: Basin mixer | E63: SUS316L stainless body (not 304, not zinc, not plated brass), ceramic cartridge, PVD finish | F63: Single lever, deck-mounted | G63: 1 | H63: pcs | J63: =IF(OR(I63="",G63=""),"",G63*I63) | K63: =IF(J63="","",J63/'Start Here'!$C$6) | M63: To buy | O63: =IF(B63="","",IF(B63='By Room'!$C$4,COUNTIF($B$5:B63,'By Room'!$C$4),""))
A64: GF-PWC-06 | B64: GF-PWC - Public WC | C64: Sanitary | D64: Floor drain | E64: SUS316L grate & body, anti-odour | F64: 110 x 110 mm | G64: 1 | H64: pcs | J64: =IF(OR(I64="",G64=""),"",G64*I64) | K64: =IF(J64="","",J64/'Start Here'!$C$6) | M64: To buy | O64: =IF(B64="","",IF(B64='By Room'!$C$4,COUNTIF($B$5:B64,'By Room'!$C$4),""))
A65: GF-PWC-07 | B65: GF-PWC - Public WC | C65: Sanitary | D65: Bidet hand spray (shattaf) + 3 angle valves | E65: SUS316L stainless body (not 304, not zinc, not plated brass), ceramic cartridge, PVD finish | F65: 1.2 m hose | G65: 1 | H65: set | J65: =IF(OR(I65="",G65=""),"",G65*I65) | K65: =IF(J65="","",J65/'Start Here'!$C$6) | M65: To buy | O65: =IF(B65="","",IF(B65='By Room'!$C$4,COUNTIF($B$5:B65,'By Room'!$C$4),""))
A66: GF-PWC-08 | B66: GF-PWC - Public WC | C66: Sanitary | D66: LED anti-fog mirror | E66: Touch switch, demister, IP44 | F66: 600x800 | G66: 1 | H66: pcs | J66: =IF(OR(I66="",G66=""),"",G66*I66) | K66: =IF(J66="","",J66/'Start Here'!$C$6) | M66: To buy | O66: =IF(B66="","",IF(B66='By Room'!$C$4,COUNTIF($B$5:B66,'By Room'!$C$4),""))
A67: GF-PWC-09 | B67: GF-PWC - Public WC | C67: Sanitary | D67: Accessory set (towel rail, hooks, roll holder) | E67: Solid SUS316 | F67: Match fixtures finish | G67: 1 | H67: set | J67: =IF(OR(I67="",G67=""),"",G67*I67) | K67: =IF(J67="","",J67/'Start Here'!$C$6) | M67: To buy | O67: =IF(B67="","",IF(B67='By Room'!$C$4,COUNTIF($B$5:B67,'By Room'!$C$4),""))
A68: FF-MBA-03 | B68: FF-MBA - Master Bathroom | C68: Sanitary | D68: Wall-hung WC + concealed cistern & frame + flush plate | E68: Rimless, soft-close seat; dual flush 3/6 L; plastic/stainless cistern internals (no brass) | F68: White; plate to match fixtures | G68: 1 | H68: set | J68: =IF(OR(I68="",G68=""),"",G68*I68) | K68: =IF(J68="","",J68/'Start Here'!$C$6) | M68: To buy | N68: Frame goes in BEFORE wall tiling | O68: =IF(B68="","",IF(B68='By Room'!$C$4,COUNTIF($B$5:B68,'By Room'!$C$4),""))
A69: FF-MBA-04 | B69: FF-MBA - Master Bathroom | C69: Sanitary | D69: Double floating vanity with 2 basins | E69: No particleboard/MDF - aluminium honeycomb, stainless or E0 marine-ply carcass; Blum/Hettich soft-close; sintered stone top | F69: 1500 x 500 mm | G69: 1 | H69: set | J69: =IF(OR(I69="",G69=""),"",G69*I69) | K69: =IF(J69="","",J69/'Start Here'!$C$6) | M69: To buy | O69: =IF(B69="","",IF(B69='By Room'!$C$4,COUNTIF($B$5:B69,'By Room'!$C$4),""))
A70: FF-MBA-05 | B70: FF-MBA - Master Bathroom | C70: Sanitary | D70: Basin mixers | E70: SUS316L stainless body (not 304, not zinc, not plated brass), ceramic cartridge, PVD finish | F70: Single lever, deck-mounted | G70: 2 | H70: pcs | J70: =IF(OR(I70="",G70=""),"",G70*I70) | K70: =IF(J70="","",J70/'Start Here'!$C$6) | M70: To buy | O70: =IF(B70="","",IF(B70='By Room'!$C$4,COUNTIF($B$5:B70,'By Room'!$C$4),""))
A71: FF-MBA-06 | B71: FF-MBA - Master Bathroom | C71: Sanitary | D71: Built-in acrylic bathtub + bath filler with hand shower | E71: Reinforced acrylic; filler SUS316L stainless body (not 304, not zinc, not plated brass), ceramic cartridge, PVD finish | F71: 1700 x 750 mm | G71: 1 | H71: set | J71: =IF(OR(I71="",G71=""),"",G71*I71) | K71: =IF(J71="","",J71/'Start Here'!$C$6) | M71: To buy | N71: Check alcove size on site | O71: =IF(B71="","",IF(B71='By Room'!$C$4,COUNTIF($B$5:B71,'By Room'!$C$4),""))
A72: FF-MBA-07 | B72: FF-MBA - Master Bathroom | C72: Sanitary | D72: Concealed thermostatic shower (rain head + hand shower) | E72: SUS316L stainless body (not 304, not zinc, not plated brass), ceramic cartridge, PVD finish; box embedded before tiling | F72: 300 mm rain head | G72: 1 | H72: set | J72: =IF(OR(I72="",G72=""),"",G72*I72) | K72: =IF(J72="","",J72/'Start Here'!$C$6) | M72: To buy | N72: Chase wall before tiling | O72: =IF(B72="","",IF(B72='By Room'!$C$4,COUNTIF($B$5:B72,'By Room'!$C$4),""))
A73: FF-MBA-08 | B73: FF-MBA - Master Bathroom | C73: Sanitary | D73: Walk-in shower glass screen | E73: 10 mm tempered, easy-clean coating, SUS316 clamps | F73: 900-1200 x 2000 mm | G73: 1 | H73: set | J73: =IF(OR(I73="",G73=""),"",G73*I73) | K73: =IF(J73="","",J73/'Start Here'!$C$6) | M73: To buy | N73: Confirm size | O73: =IF(B73="","",IF(B73='By Room'!$C$4,COUNTIF($B$5:B73,'By Room'!$C$4),""))
A74: FF-MBA-09 | B74: FF-MBA - Master Bathroom | C74: Sanitary | D74: Drains: linear shower drain 800 mm + floor drain | E74: SUS316L, tile-insert grates, anti-odour | F74: 800 mm + 110 x 110 mm | G74: 1 | H74: set | J74: =IF(OR(I74="",G74=""),"",G74*I74) | K74: =IF(J74="","",J74/'Start Here'!$C$6) | M74: To buy | O74: =IF(B74="","",IF(B74='By Room'!$C$4,COUNTIF($B$5:B74,'By Room'!$C$4),""))
A75: FF-MBA-10 | B75: FF-MBA - Master Bathroom | C75: Sanitary | D75: Electric water heater 80 L (optional) | E75: Titanium-enamel or glass-lined tank, magnesium anode + spares, 2 kW | F75: 80 L | G75: 1 | H75: pcs | J75: =IF(OR(I75="",G75=""),"",G75*I75) | K75: =IF(J75="","",J75/'Start Here'!$C$6) | M75: To buy | N75: In the BOQ - confirm. Salty water kills cheap tanks | O75: =IF(B75="","",IF(B75='By Room'!$C$4,COUNTIF($B$5:B75,'By Room'!$C$4),""))
A76: FF-MBA-11 | B76: FF-MBA - Master Bathroom | C76: Sanitary | D76: Bidet hand spray (shattaf) + 3 angle valves | E76: SUS316L stainless body (not 304, not zinc, not plated brass), ceramic cartridge, PVD finish | F76: 1.2 m hose | G76: 1 | H76: set | J76: =IF(OR(I76="",G76=""),"",G76*I76) | K76: =IF(J76="","",J76/'Start Here'!$C$6) | M76: To buy | O76: =IF(B76="","",IF(B76='By Room'!$C$4,COUNTIF($B$5:B76,'By Room'!$C$4),""))
A77: FF-MBA-12 | B77: FF-MBA - Master Bathroom | C77: Sanitary | D77: LED anti-fog mirror | E77: Touch switch, demister, IP44 | F77: 1500x800 | G77: 1 | H77: pcs | J77: =IF(OR(I77="",G77=""),"",G77*I77) | K77: =IF(J77="","",J77/'Start Here'!$C$6) | M77: To buy | O77: =IF(B77="","",IF(B77='By Room'!$C$4,COUNTIF($B$5:B77,'By Room'!$C$4),""))
A78: FF-MBA-13 | B78: FF-MBA - Master Bathroom | C78: Sanitary | D78: Accessory set (towel rail, hooks, roll holder) | E78: Solid SUS316 | F78: Match fixtures finish | G78: 1 | H78: set | J78: =IF(OR(I78="",G78=""),"",G78*I78) | K78: =IF(J78="","",J78/'Start Here'!$C$6) | M78: To buy | O78: =IF(B78="","",IF(B78='By Room'!$C$4,COUNTIF($B$5:B78,'By Room'!$C$4),""))
A79: FF-BA1-03 | B79: FF-BA1 - Bathroom 1 | C79: Sanitary | D79: Wall-hung WC + concealed cistern & frame + flush plate | E79: Rimless, soft-close seat; dual flush 3/6 L; plastic/stainless cistern internals (no brass) | F79: White; plate to match fixtures | G79: 1 | H79: set | J79: =IF(OR(I79="",G79=""),"",G79*I79) | K79: =IF(J79="","",J79/'Start Here'!$C$6) | M79: To buy | N79: Frame goes in BEFORE wall tiling | O79: =IF(B79="","",IF(B79='By Room'!$C$4,COUNTIF($B$5:B79,'By Room'!$C$4),""))
A80: FF-BA1-04 | B80: FF-BA1 - Bathroom 1 | C80: Sanitary | D80: Floating vanity with basin | E80: No particleboard/MDF - aluminium honeycomb, stainless or E0 marine-ply carcass; Blum/Hettich soft-close; sintered stone top | F80: 800-1000 mm (measure wall) | G80: 1 | H80: set | J80: =IF(OR(I80="",G80=""),"",G80*I80) | K80: =IF(J80="","",J80/'Start Here'!$C$6) | M80: To buy | O80: =IF(B80="","",IF(B80='By Room'!$C$4,COUNTIF($B$5:B80,'By Room'!$C$4),""))
A81: FF-BA1-05 | B81: FF-BA1 - Bathroom 1 | C81: Sanitary | D81: Basin mixer | E81: SUS316L stainless body (not 304, not zinc, not plated brass), ceramic cartridge, PVD finish | F81: Single lever, deck-mounted | G81: 1 | H81: pcs | J81: =IF(OR(I81="",G81=""),"",G81*I81) | K81: =IF(J81="","",J81/'Start Here'!$C$6) | M81: To buy | O81: =IF(B81="","",IF(B81='By Room'!$C$4,COUNTIF($B$5:B81,'By Room'!$C$4),""))
A82: FF-BA1-06 | B82: FF-BA1 - Bathroom 1 | C82: Sanitary | D82: Concealed thermostatic shower (rain head + hand shower) | E82: SUS316L stainless body (not 304, not zinc, not plated brass), ceramic cartridge, PVD finish; box embedded before tiling | F82: 300 mm rain head | G82: 1 | H82: set | J82: =IF(OR(I82="",G82=""),"",G82*I82) | K82: =IF(J82="","",J82/'Start Here'!$C$6) | M82: To buy | N82: Chase wall before tiling | O82: =IF(B82="","",IF(B82='By Room'!$C$4,COUNTIF($B$5:B82,'By Room'!$C$4),""))
A83: FF-BA1-07 | B83: FF-BA1 - Bathroom 1 | C83: Sanitary | D83: Walk-in shower glass screen | E83: 10 mm tempered, easy-clean coating, SUS316 clamps | F83: 900-1200 x 2000 mm | G83: 1 | H83: set | J83: =IF(OR(I83="",G83=""),"",G83*I83) | K83: =IF(J83="","",J83/'Start Here'!$C$6) | M83: To buy | N83: Confirm size | O83: =IF(B83="","",IF(B83='By Room'!$C$4,COUNTIF($B$5:B83,'By Room'!$C$4),""))
A84: FF-BA1-08 | B84: FF-BA1 - Bathroom 1 | C84: Sanitary | D84: Drains: linear shower drain 800 mm + floor drain | E84: SUS316L, tile-insert grates, anti-odour | F84: 800 mm + 110 x 110 mm | G84: 1 | H84: set | J84: =IF(OR(I84="",G84=""),"",G84*I84) | K84: =IF(J84="","",J84/'Start Here'!$C$6) | M84: To buy | O84: =IF(B84="","",IF(B84='By Room'!$C$4,COUNTIF($B$5:B84,'By Room'!$C$4),""))
A85: FF-BA1-09 | B85: FF-BA1 - Bathroom 1 | C85: Sanitary | D85: Electric water heater 80 L (optional) | E85: Titanium-enamel or glass-lined tank, magnesium anode + spares, 2 kW | F85: 80 L | G85: 1 | H85: pcs | J85: =IF(OR(I85="",G85=""),"",G85*I85) | K85: =IF(J85="","",J85/'Start Here'!$C$6) | M85: To buy | N85: In the BOQ - confirm. Salty water kills cheap tanks | O85: =IF(B85="","",IF(B85='By Room'!$C$4,COUNTIF($B$5:B85,'By Room'!$C$4),""))
A86: FF-BA1-10 | B86: FF-BA1 - Bathroom 1 | C86: Sanitary | D86: Bidet hand spray (shattaf) + 3 angle valves | E86: SUS316L stainless body (not 304, not zinc, not plated brass), ceramic cartridge, PVD finish | F86: 1.2 m hose | G86: 1 | H86: set | J86: =IF(OR(I86="",G86=""),"",G86*I86) | K86: =IF(J86="","",J86/'Start Here'!$C$6) | M86: To buy | O86: =IF(B86="","",IF(B86='By Room'!$C$4,COUNTIF($B$5:B86,'By Room'!$C$4),""))
A87: FF-BA1-11 | B87: FF-BA1 - Bathroom 1 | C87: Sanitary | D87: LED anti-fog mirror | E87: Touch switch, demister, IP44 | F87: 800x800 | G87: 1 | H87: pcs | J87: =IF(OR(I87="",G87=""),"",G87*I87) | K87: =IF(J87="","",J87/'Start Here'!$C$6) | M87: To buy | O87: =IF(B87="","",IF(B87='By Room'!$C$4,COUNTIF($B$5:B87,'By Room'!$C$4),""))
A88: FF-BA1-12 | B88: FF-BA1 - Bathroom 1 | C88: Sanitary | D88: Accessory set (towel rail, hooks, roll holder) | E88: Solid SUS316 | F88: Match fixtures finish | G88: 1 | H88: set | J88: =IF(OR(I88="",G88=""),"",G88*I88) | K88: =IF(J88="","",J88/'Start Here'!$C$6) | M88: To buy | O88: =IF(B88="","",IF(B88='By Room'!$C$4,COUNTIF($B$5:B88,'By Room'!$C$4),""))
A89: FF-BA2-03 | B89: FF-BA2 - Bathroom 2 | C89: Sanitary | D89: Wall-hung WC + concealed cistern & frame + flush plate | E89: Rimless, soft-close seat; dual flush 3/6 L; plastic/stainless cistern internals (no brass) | F89: White; plate to match fixtures | G89: 1 | H89: set | J89: =IF(OR(I89="",G89=""),"",G89*I89) | K89: =IF(J89="","",J89/'Start Here'!$C$6) | M89: To buy | N89: Frame goes in BEFORE wall tiling | O89: =IF(B89="","",IF(B89='By Room'!$C$4,COUNTIF($B$5:B89,'By Room'!$C$4),""))
A90: FF-BA2-04 | B90: FF-BA2 - Bathroom 2 | C90: Sanitary | D90: Floating vanity with basin | E90: No particleboard/MDF - aluminium honeycomb, stainless or E0 marine-ply carcass; Blum/Hettich soft-close; sintered stone top | F90: 800-1000 mm (measure wall) | G90: 1 | H90: set | J90: =IF(OR(I90="",G90=""),"",G90*I90) | K90: =IF(J90="","",J90/'Start Here'!$C$6) | M90: To buy | O90: =IF(B90="","",IF(B90='By Room'!$C$4,COUNTIF($B$5:B90,'By Room'!$C$4),""))
A91: FF-BA2-05 | B91: FF-BA2 - Bathroom 2 | C91: Sanitary | D91: Basin mixer | E91: SUS316L stainless body (not 304, not zinc, not plated brass), ceramic cartridge, PVD finish | F91: Single lever, deck-mounted | G91: 1 | H91: pcs | J91: =IF(OR(I91="",G91=""),"",G91*I91) | K91: =IF(J91="","",J91/'Start Here'!$C$6) | M91: To buy | O91: =IF(B91="","",IF(B91='By Room'!$C$4,COUNTIF($B$5:B91,'By Room'!$C$4),""))
A92: FF-BA2-06 | B92: FF-BA2 - Bathroom 2 | C92: Sanitary | D92: Concealed thermostatic shower (rain head + hand shower) | E92: SUS316L stainless body (not 304, not zinc, not plated brass), ceramic cartridge, PVD finish; box embedded before tiling | F92: 300 mm rain head | G92: 1 | H92: set | J92: =IF(OR(I92="",G92=""),"",G92*I92) | K92: =IF(J92="","",J92/'Start Here'!$C$6) | M92: To buy | N92: Chase wall before tiling | O92: =IF(B92="","",IF(B92='By Room'!$C$4,COUNTIF($B$5:B92,'By Room'!$C$4),""))
A93: FF-BA2-07 | B93: FF-BA2 - Bathroom 2 | C93: Sanitary | D93: Walk-in shower glass screen | E93: 10 mm tempered, easy-clean coating, SUS316 clamps | F93: 900-1200 x 2000 mm | G93: 1 | H93: set | J93: =IF(OR(I93="",G93=""),"",G93*I93) | K93: =IF(J93="","",J93/'Start Here'!$C$6) | M93: To buy | N93: Confirm size | O93: =IF(B93="","",IF(B93='By Room'!$C$4,COUNTIF($B$5:B93,'By Room'!$C$4),""))
A94: FF-BA2-08 | B94: FF-BA2 - Bathroom 2 | C94: Sanitary | D94: Drains: linear shower drain 800 mm + floor drain | E94: SUS316L, tile-insert grates, anti-odour | F94: 800 mm + 110 x 110 mm | G94: 1 | H94: set | J94: =IF(OR(I94="",G94=""),"",G94*I94) | K94: =IF(J94="","",J94/'Start Here'!$C$6) | M94: To buy | O94: =IF(B94="","",IF(B94='By Room'!$C$4,COUNTIF($B$5:B94,'By Room'!$C$4),""))
A95: FF-BA2-09 | B95: FF-BA2 - Bathroom 2 | C95: Sanitary | D95: Electric water heater 80 L (optional) | E95: Titanium-enamel or glass-lined tank, magnesium anode + spares, 2 kW | F95: 80 L | G95: 1 | H95: pcs | J95: =IF(OR(I95="",G95=""),"",G95*I95) | K95: =IF(J95="","",J95/'Start Here'!$C$6) | M95: To buy | N95: In the BOQ - confirm. Salty water kills cheap tanks | O95: =IF(B95="","",IF(B95='By Room'!$C$4,COUNTIF($B$5:B95,'By Room'!$C$4),""))
A96: FF-BA2-10 | B96: FF-BA2 - Bathroom 2 | C96: Sanitary | D96: Bidet hand spray (shattaf) + 3 angle valves | E96: SUS316L stainless body (not 304, not zinc, not plated brass), ceramic cartridge, PVD finish | F96: 1.2 m hose | G96: 1 | H96: set | J96: =IF(OR(I96="",G96=""),"",G96*I96) | K96: =IF(J96="","",J96/'Start Here'!$C$6) | M96: To buy | O96: =IF(B96="","",IF(B96='By Room'!$C$4,COUNTIF($B$5:B96,'By Room'!$C$4),""))
A97: FF-BA2-11 | B97: FF-BA2 - Bathroom 2 | C97: Sanitary | D97: LED anti-fog mirror | E97: Touch switch, demister, IP44 | F97: 800x800 | G97: 1 | H97: pcs | J97: =IF(OR(I97="",G97=""),"",G97*I97) | K97: =IF(J97="","",J97/'Start Here'!$C$6) | M97: To buy | O97: =IF(B97="","",IF(B97='By Room'!$C$4,COUNTIF($B$5:B97,'By Room'!$C$4),""))
A98: FF-BA2-12 | B98: FF-BA2 - Bathroom 2 | C98: Sanitary | D98: Accessory set (towel rail, hooks, roll holder) | E98: Solid SUS316 | F98: Match fixtures finish | G98: 1 | H98: set | J98: =IF(OR(I98="",G98=""),"",G98*I98) | K98: =IF(J98="","",J98/'Start Here'!$C$6) | M98: To buy | O98: =IF(B98="","",IF(B98='By Room'!$C$4,COUNTIF($B$5:B98,'By Room'!$C$4),""))
A99: FF-BA3-03 | B99: FF-BA3 - Bathroom 3 | C99: Sanitary | D99: Wall-hung WC + concealed cistern & frame + flush plate | E99: Rimless, soft-close seat; dual flush 3/6 L; plastic/stainless cistern internals (no brass) | F99: White; plate to match fixtures | G99: 1 | H99: set | J99: =IF(OR(I99="",G99=""),"",G99*I99) | K99: =IF(J99="","",J99/'Start Here'!$C$6) | M99: To buy | N99: Frame goes in BEFORE wall tiling | O99: =IF(B99="","",IF(B99='By Room'!$C$4,COUNTIF($B$5:B99,'By Room'!$C$4),""))
A100: FF-BA3-04 | B100: FF-BA3 - Bathroom 3 | C100: Sanitary | D100: Floating vanity with basin | E100: No particleboard/MDF - aluminium honeycomb, stainless or E0 marine-ply carcass; Blum/Hettich soft-close; sintered stone top | F100: 800-1000 mm (measure wall) | G100: 1 | H100: set | J100: =IF(OR(I100="",G100=""),"",G100*I100) | K100: =IF(J100="","",J100/'Start Here'!$C$6) | M100: To buy | O100: =IF(B100="","",IF(B100='By Room'!$C$4,COUNTIF($B$5:B100,'By Room'!$C$4),""))
A101: FF-BA3-05 | B101: FF-BA3 - Bathroom 3 | C101: Sanitary | D101: Basin mixer | E101: SUS316L stainless body (not 304, not zinc, not plated brass), ceramic cartridge, PVD finish | F101: Single lever, deck-mounted | G101: 1 | H101: pcs | J101: =IF(OR(I101="",G101=""),"",G101*I101) | K101: =IF(J101="","",J101/'Start Here'!$C$6) | M101: To buy | O101: =IF(B101="","",IF(B101='By Room'!$C$4,COUNTIF($B$5:B101,'By Room'!$C$4),""))
...

Sheet By Room
A1: By Room - choose a room, print the page
A2: Give it to the supplier to pack against, and to the site team when the box for that room arrives.
A4: Room: | C4: GF-KIT - Kitchen
A5: Items: | C5: =COUNTIF('Shopping List'!$B$5:$B$316,C4) -> 17 | D5: Total CNY: | E5: =SUMIFS('Shopping List'!$J$5:$J$316,'Shopping List'!$B$5:$B$316,C4) -> 0 | F5: Total USD: | G5: =SUMIFS('Shopping List'!$K$5:$K$316,'Shopping List'!$B$5:$B$316,C4) -> 0 | H5: Received: | I5: =COUNTIFS('Shopping List'!$B$5:$B$316,C4,'Shopping List'!$M$5:$M$316,"Received")&" of "&C5 -> 0 of 17
A7: # | B7: Item | C7: Must-have spec | D7: Size / Finish | E7: Qty | F7: Unit | G7: Price (CNY) | H7: Supplier | I7: Status | J7: Notes
A8: 1 | B8: =IFERROR(IF(INDEX('Shopping List'!$D$5:$D$316,MATCH($A8,'Shopping List'!$O$5:$O$316,0))="","",INDEX('Shopping List'!$D$5:$D$316,MATCH($A8,'Shopping List'!$O$5:$O$316,0))),"") -> Floor - big porcelain slab (+ extra % for cuts) | C8: =IFERROR(IF(INDEX('Shopping List'!$E$5:$E$316,MATCH($A8,'Shopping List'!$O$5:$O$316,0))="","",INDEX('Shopping List'!$E$5:$E$316,MATCH($A8,'Shopping List'!$O$5:$O$316,0))),"") -> Porcelain slab, rectified, absorption <0.5%, marble-look | D8: =IFERROR(IF(INDEX('Shopping List'!$F$5:$F$316,MATCH($A8,'Shopping List'!$O$5:$O$316,0))="","",INDEX('Shopping List'!$F$5:$F$316,MATCH($A8,'Shopping List'!$O$5:$O$316,0))),"") -> 1200 x 2400 mm, satin finish | E8: =IFERROR(IF(INDEX('Shopping List'!$G$5:$G$316,MATCH($A8,'Shopping List'!$O$5:$O$316,0))="","",INDEX('Shopping List'!$G$5:$G$316,MATCH($A8,'Shopping List'!$O$5:$O$316,0))),"") -> 25 | F8: =IFERROR(IF(INDEX('Shopping List'!$H$5:$H$316,MATCH($A8,'Shopping List'!$O$5:$O$316,0))="","",INDEX('Shopping List'!$H$5:$H$316,MATCH($A8,'Shopping List'!$O$5:$O$316,0))),"") -> m² | G8: =IFERROR(IF(INDEX('Shopping List'!$I$5:$I$316,MATCH($A8,'Shopping List'!$O$5:$O$316,0))="","",INDEX('Shopping List'!$I$5:$I$316,MATCH($A8,'Shopping List'!$O$5:$O$316,0))),"") | H8: =IFERROR(IF(INDEX('Shopping List'!$L$5:$L$316,MATCH($A8,'Shopping List'!$O$5:$O$316,0))="","",INDEX('Shopping List'!$L$5:$L$316,MATCH($A8,'Shopping List'!$O$5:$O$316,0))),"") | I8: =IFERROR(IF(INDEX('Shopping List'!$M$5:$M$316,MATCH($A8,'Shopping List'!$O$5:$O$316,0))="","",INDEX('Shopping List'!$M$5:$M$316,MATCH($A8,'Shopping List'!$O$5:$O$316,0))),"") -> To buy | J8: =IFERROR(IF(INDEX('Shopping List'!$N$5:$N$316,MATCH($A8,'Shopping List'!$O$5:$O$316,0))="","",INDEX('Shopping List'!$N$5:$N$316,MATCH($A8,'Shopping List'!$O$5:$O$316,0))),"") -> Qty follows the area on the Rooms sheet (estimated - measure on site)
A9: 2 | B9: =IFERROR(IF(INDEX('Shopping List'!$D$5:$D$316,MATCH($A9,'Shopping List'!$O$5:$O$316,0))="","",INDEX('Shopping List'!$D$5:$D$316,MATCH($A9,'Shopping List'!$O$5:$O$316,0))),"") -> Kitchen backsplash slab (+ extra %) | C9: =IFERROR(IF(INDEX('Shopping List'!$E$5:$E$316,MATCH($A9,'Shopping List'!$O$5:$O$316,0))="","",INDEX('Shopping List'!$E$5:$E$316,MATCH($A9,'Shopping List'!$O$5:$O$316,0))),"") -> Sintered stone or porcelain slab matching worktop | D9: =IFERROR(IF(INDEX('Shopping List'!$F$5:$F$316,MATCH($A9,'Shopping List'!$O$5:$O$316,0))="","",INDEX('Shopping List'!$F$5:$F$316,MATCH($A9,'Shopping List'!$O$5:$O$316,0))),"") -> 1200 x 2400 mm | E9: =IFERROR(IF(INDEX('Shopping List'!$G$5:$G$316,MATCH($A9,'Shopping List'!$O$5:$O$316,0))="","",INDEX('Shopping List'!$G$5:$G$316,MATCH($A9,'Shopping List'!$O$5:$O$316,0))),"") -> 7 | F9: =IFERROR(IF(INDEX('Shopping List'!$H$5:$H$316,MATCH($A9,'Shopping List'!$O$5:$O$316,0))="","",INDEX('Shopping List'!$H$5:$H$316,MATCH($A9,'Shopping List'!$O$5:$O$316,0))),"") -> m² | G9: =IFERROR(IF(INDEX('Shopping List'!$I$5:$I$316,MATCH($A9,'Shopping List'!$O$5:$O$316,0))="","",INDEX('Shopping List'!$I$5:$I$316,MATCH($A9,'Shopping List'!$O$5:$O$316,0))),"") | H9: =IFERROR(IF(INDEX('Shopping List'!$L$5:$L$316,MATCH($A9,'Shopping List'!$O$5:$O$316,0))="","",INDEX('Shopping List'!$L$5:$L$316,MATCH($A9,'Shopping List'!$O$5:$O$316,0))),"") | I9: =IFERROR(IF(INDEX('Shopping List'!$M$5:$M$316,MATCH($A9,'Shopping List'!$O$5:$O$316,0))="","",INDEX('Shopping List'!$M$5:$M$316,MATCH($A9,'Shopping List'!$O$5:$O$316,0))),"") -> To buy | J9: =IFERROR(IF(INDEX('Shopping List'!$N$5:$N$316,MATCH($A9,'Shopping List'!$O$5:$O$316,0))="","",INDEX('Shopping List'!$N$5:$N$316,MATCH($A9,'Shopping List'!$O$5:$O$316,0))),"") -> Qty follows Rooms sheet
A10: 3 | B10: =IFERROR(IF(INDEX('Shopping List'!$D$5:$D$316,MATCH($A10,'Shopping List'!$O$5:$O$316,0))="","",INDEX('Shopping List'!$D$5:$D$316,MATCH($A10,'Shopping List'!$O$5:$O$316,0))),"") -> Pendants over island (optional) | C10: =IFERROR(IF(INDEX('Shopping List'!$E$5:$E$316,MATCH($A10,'Shopping List'!$O$5:$O$316,0))="","",INDEX('Shopping List'!$E$5:$E$316,MATCH($A10,'Shopping List'!$O$5:$O$316,0))),"") -> LED | D10: =IFERROR(IF(INDEX('Shopping List'!$F$5:$F$316,MATCH($A10,'Shopping List'!$O$5:$O$316,0))="","",INDEX('Shopping List'!$F$5:$F$316,MATCH($A10,'Shopping List'!$O$5:$O$316,0))),"") -> Designer to select | E10: =IFERROR(IF(INDEX('Shopping List'!$G$5:$G$316,MATCH($A10,'Shopping List'!$O$5:$O$316,0))="","",INDEX('Shopping List'!$G$5:$G$316,MATCH($A10,'Shopping List'!$O$5:$O$316,0))),"") -> 3 | F10: =IFERROR(IF(INDEX('Shopping List'!$H$5:$H$316,MATCH($A10,'Shopping List'!$O$5:$O$316,0))="","",INDEX('Shopping List'!$H$5:$H$316,MATCH($A10,'Shopping List'!$O$5:$O$316,0))),"") -> pcs | G10: =IFERROR(IF(INDEX('Shopping List'!$I$5:$I$316,MATCH($A10,'Shopping List'!$O$5:$O$316,0))="","",INDEX('Shopping List'!$I$5:$I$316,MATCH($A10,'Shopping List'!$O$5:$O$316,0))),"") | H10: =IFERROR(IF(INDEX('Shopping List'!$L$5:$L$316,MATCH($A10,'Shopping List'!$O$5:$O$316,0))="","",INDEX('Shopping List'!$L$5:$L$316,MATCH($A10,'Shopping List'!$O$5:$O$316,0))),"") | I10: =IFERROR(IF(INDEX('Shopping List'!$M$5:$M$316,MATCH($A10,'Shopping List'!$O$5:$O$316,0))="","",INDEX('Shopping List'!$M$5:$M$316,MATCH($A10,'Shopping List'!$O$5:$O$316,0))),"") -> To buy | J10: =IFERROR(IF(INDEX('Shopping List'!$N$5:$N$316,MATCH($A10,'Shopping List'!$O$5:$O$316,0))="","",INDEX('Shopping List'!$N$5:$N$316,MATCH($A10,'Shopping List'!$O$5:$O$316,0))),"") -> Only if a ceiling point exists over the island
A11: 4 | B11: =IFERROR(IF(INDEX('Shopping List'!$D$5:$D$316,MATCH($A11,'Shopping List'!$O$5:$O$316,0))="","",INDEX('Shopping List'!$D$5:$D$316,MATCH($A11,'Shopping List'!$O$5:$O$316,0))),"") -> Under-cabinet LED strip + profile + driver | C11: =IFERROR(IF(INDEX('Shopping List'!$E$5:$E$316,MATCH($A11,'Shopping List'!$O$5:$O$316,0))="","",INDEX('Shopping List'!$E$5:$E$316,MATCH($A11,'Shopping List'!$O$5:$O$316,0))),"") -> 24V, CRI>90, aluminium profile with diffuser | D11: =IFERROR(IF(INDEX('Shopping List'!$F$5:$F$316,MATCH($A11,'Shopping List'!$O$5:$O$316,0))="","",INDEX('Shopping List'!$F$5:$F$316,MATCH($A11,'Shopping List'!$O$5:$O$316,0))),"") -> 3000K | E11: =IFERROR(IF(INDEX('Shopping List'!$G$5:$G$316,MATCH($A11,'Shopping List'!$O$5:$O$316,0))="","",INDEX('Shopping List'!$G$5:$G$316,MATCH($A11,'Shopping List'!$O$5:$O$316,0))),"") -> 7 | F11: =IFERROR(IF(INDEX('Shopping List'!$H$5:$H$316,MATCH($A11,'Shopping List'!$O$5:$O$316,0))="","",INDEX('Shopping List'!$H$5:$H$316,MATCH($A11,'Shopping List'!$O$5:$O$316,0))),"") -> m | G11: =IFERROR(IF(INDEX('Shopping List'!$I$5:$I$316,MATCH($A11,'Shopping List'!$O$5:$O$316,0))="","",INDEX('Shopping List'!$I$5:$I$316,MATCH($A11,'Shopping List'!$O$5:$O$316,0))),"") | H11: =IFERROR(IF(INDEX('Shopping List'!$L$5:$L$316,MATCH($A11,'Shopping List'!$O$5:$O$316,0))="","",INDEX('Shopping List'!$L$5:$L$316,MATCH($A11,'Shopping List'!$O$5:$O$316,0))),"") | I11: =IFERROR(IF(INDEX('Shopping List'!$M$5:$M$316,MATCH($A11,'Shopping List'!$O$5:$O$316,0))="","",INDEX('Shopping List'!$M$5:$M$316,MATCH($A11,'Shopping List'!$O$5:$O$316,0))),"") -> To buy | J11: =IFERROR(IF(INDEX('Shopping List'!$N$5:$N$316,MATCH($A11,'Shopping List'!$O$5:$O$316,0))="","",INDEX('Shopping List'!$N$5:$N$316,MATCH($A11,'Shopping List'!$O$5:$O$316,0))),"")
A12: 5 | B12: =IFERROR(IF(INDEX('Shopping List'!$D$5:$D$316,MATCH($A12,'Shopping List'!$O$5:$O$316,0))="","",INDEX('Shopping List'!$D$5:$D$316,MATCH($A12,'Shopping List'!$O$5:$O$316,0))),"") -> Base cabinets - L-shape run | C12: =IFERROR(IF(INDEX('Shopping List'!$E$5:$E$316,MATCH($A12,'Shopping List'!$O$5:$O$316,0))="","",INDEX('Shopping List'!$E$5:$E$316,MATCH($A12,'Shopping List'!$O$5:$O$316,0))),"") -> No particleboard/MDF - aluminium honeycomb, stainless or E0 marine-ply carcass; Blum/Hettich soft-close | D12: =IFERROR(IF(INDEX('Shopping List'!$F$5:$F$316,MATCH($A12,'Shopping List'!$O$5:$O$316,0))="","",INDEX('Shopping List'!$F$5:$F$316,MATCH($A12,'Shopping List'!$O$5:$O$316,0))),"") -> 2000 + 4840 mm runs, 600 deep, 900 high | E12: =IFERROR(IF(INDEX('Shopping List'!$G$5:$G$316,MATCH($A12,'Shopping List'!$O$5:$O$316,0))="","",INDEX('Shopping List'!$G$5:$G$316,MATCH($A12,'Shopping List'!$O$5:$O$316,0))),"") -> 1 | F12: =IFERROR(IF(INDEX('Shopping List'!$H$5:$H$316,MATCH($A12,'Shopping List'!$O$5:$O$316,0))="","",INDEX('Shopping List'!$H$5:$H$316,MATCH($A12,'Shopping List'!$O$5:$O$316,0))),"") -> set | G12: =IFERROR(IF(INDEX('Shopping List'!$I$5:$I$316,MATCH($A12,'Shopping List'!$O$5:$O$316,0))="","",INDEX('Shopping List'!$I$5:$I$316,MATCH($A12,'Shopping List'!$O$5:$O$316,0))),"") | H12: =IFERROR(IF(INDEX('Shopping List'!$L$5:$L$316,MATCH($A12,'Shopping List'!$O$5:$O$316,0))="","",INDEX('Shopping List'!$L$5:$L$316,MATCH($A12,'Shopping List'!$O$5:$O$316,0))),"") | I12: =IFERROR(IF(INDEX('Shopping List'!$M$5:$M$316,MATCH($A12,'Shopping List'!$O$5:$O$316,0))="","",INDEX('Shopping List'!$M$5:$M$316,MATCH($A12,'Shopping List'!$O$5:$O$316,0))),"") -> To buy | J12: =IFERROR(IF(INDEX('Shopping List'!$N$5:$N$316,MATCH($A12,'Shopping List'!$O$5:$O$316,0))="","",INDEX('Shopping List'!$N$5:$N$316,MATCH($A12,'Shopping List'!$O$5:$O$316,0))),"") -> Supplier works from drawing A-101 - confirm sink & hob positions
A13: 6 | B13: =IFERROR(IF(INDEX('Shopping List'!$D$5:$D$316,MATCH($A13,'Shopping List'!$O$5:$O$316,0))="","",INDEX('Shopping List'!$D$5:$D$316,MATCH($A13,'Shopping List'!$O$5:$O$316,0))),"") -> Wall cabinets | C13: =IFERROR(IF(INDEX('Shopping List'!$E$5:$E$316,MATCH($A13,'Shopping List'!$O$5:$O$316,0))="","",INDEX('Shopping List'!$E$5:$E$316,MATCH($A13,'Shopping List'!$O$5:$O$316,0))),"") -> No particleboard/MDF - aluminium honeycomb, stainless or E0 marine-ply carcass; Blum/Hettich soft-close | D13: =IFERROR(IF(INDEX('Shopping List'!$F$5:$F$316,MATCH($A13,'Shopping List'!$O$5:$O$316,0))="","",INDEX('Shopping List'!$F$5:$F$316,MATCH($A13,'Shopping List'!$O$5:$O$316,0))),"") -> Per layout, 720-900 high | E13: =IFERROR(IF(INDEX('Shopping List'!$G$5:$G$316,MATCH($A13,'Shopping List'!$O$5:$O$316,0))="","",INDEX('Shopping List'!$G$5:$G$316,MATCH($A13,'Shopping List'!$O$5:$O$316,0))),"") -> 1 | F13: =IFERROR(IF(INDEX('Shopping List'!$H$5:$H$316,MATCH($A13,'Shopping List'!$O$5:$O$316,0))="","",INDEX('Shopping List'!$H$5:$H$316,MATCH($A13,'Shopping List'!$O$5:$O$316,0))),"") -> set | G13: =IFERROR(IF(INDEX('Shopping List'!$I$5:$I$316,MATCH($A13,'Shopping List'!$O$5:$O$316,0))="","",INDEX('Shopping List'!$I$5:$I$316,MATCH($A13,'Shopping List'!$O$5:$O$316,0))),"") | H13: =IFERROR(IF(INDEX('Shopping List'!$L$5:$L$316,MATCH($A13,'Shopping List'!$O$5:$O$316,0))="","",INDEX('Shopping List'!$L$5:$L$316,MATCH($A13,'Shopping List'!$O$5:$O$316,0))),"") | I13: =IFERROR(IF(INDEX('Shopping List'!$M$5:$M$316,MATCH($A13,'Shopping List'!$O$5:$O$316,0))="","",INDEX('Shopping List'!$M$5:$M$316,MATCH($A13,'Shopping List'!$O$5:$O$316,0))),"") -> To buy | J13: =IFERROR(IF(INDEX('Shopping List'!$N$5:$N$316,MATCH($A13,'Shopping List'!$O$5:$O$316,0))="","",INDEX('Shopping List'!$N$5:$N$316,MATCH($A13,'Shopping List'!$O$5:$O$316,0))),"")
A14: 7 | B14: =IFERROR(IF(INDEX('Shopping List'!$D$5:$D$316,MATCH($A14,'Shopping List'!$O$5:$O$316,0))="","",INDEX('Shopping List'!$D$5:$D$316,MATCH($A14,'Shopping List'!$O$5:$O$316,0))),"") -> Tall units (oven/microwave column + fridge housing) | C14: =IFERROR(IF(INDEX('Shopping List'!$E$5:$E$316,MATCH($A14,'Shopping List'!$O$5:$O$316,0))="","",INDEX('Shopping List'!$E$5:$E$316,MATCH($A14,'Shopping List'!$O$5:$O$316,0))),"") -> No particleboard/MDF - aluminium honeycomb, stainless or E0 marine-ply carcass; Blum/Hettich soft-close | D14: =IFERROR(IF(INDEX('Shopping List'!$F$5:$F$316,MATCH($A14,'Shopping List'!$O$5:$O$316,0))="","",INDEX('Shopping List'!$F$5:$F$316,MATCH($A14,'Shopping List'!$O$5:$O$316,0))),"") -> Per layout, ~2400 high | E14: =IFERROR(IF(INDEX('Shopping List'!$G$5:$G$316,MATCH($A14,'Shopping List'!$O$5:$O$316,0))="","",INDEX('Shopping List'!$G$5:$G$316,MATCH($A14,'Shopping List'!$O$5:$O$316,0))),"") -> 1 | F14: =IFERROR(IF(INDEX('Shopping List'!$H$5:$H$316,MATCH($A14,'Shopping List'!$O$5:$O$316,0))="","",INDEX('Shopping List'!$H$5:$H$316,MATCH($A14,'Shopping List'!$O$5:$O$316,0))),"") -> set | G14: =IFERROR(IF(INDEX('Shopping List'!$I$5:$I$316,MATCH($A14,'Shopping List'!$O$5:$O$316,0))="","",INDEX('Shopping List'!$I$5:$I$316,MATCH($A14,'Shopping List'!$O$5:$O$316,0))),"") | H14: =IFERROR(IF(INDEX('Shopping List'!$L$5:$L$316,MATCH($A14,'Shopping List'!$O$5:$O$316,0))="","",INDEX('Shopping List'!$L$5:$L$316,MATCH($A14,'Shopping List'!$O$5:$O$316,0))),"") | I14: =IFERROR(IF(INDEX('Shopping List'!$M$5:$M$316,MATCH($A14,'Shopping List'!$O$5:$O$316,0))="","",INDEX('Shopping List'!$M$5:$M$316,MATCH($A14,'Shopping List'!$O$5:$O$316,0))),"") -> To buy | J14: =IFERROR(IF(INDEX('Shopping List'!$N$5:$N$316,MATCH($A14,'Shopping List'!$O$5:$O$316,0))="","",INDEX('Shopping List'!$N$5:$N$316,MATCH($A14,'Shopping List'!$O$5:$O$316,0))),"") -> Size to chosen appliances
A15: 8 | B15: =IFERROR(IF(INDEX('Shopping List'!$D$5:$D$316,MATCH($A15,'Shopping List'!$O$5:$O$316,0))="","",INDEX('Shopping List'!$D$5:$D$316,MATCH($A15,'Shopping List'!$O$5:$O$316,0))),"") -> Island cabinet with seating overhang | C15: =IFERROR(IF(INDEX('Shopping List'!$E$5:$E$316,MATCH($A15,'Shopping List'!$O$5:$O$316,0))="","",INDEX('Shopping List'!$E$5:$E$316,MATCH($A15,'Shopping List'!$O$5:$O$316,0))),"") -> No particleboard/MDF - aluminium honeycomb, stainless or E0 marine-ply carcass; Blum/Hettich soft-close | D15: =IFERROR(IF(INDEX('Shopping List'!$F$5:$F$316,MATCH($A15,'Shopping List'!$O$5:$O$316,0))="","",INDEX('Shopping List'!$F$5:$F$316,MATCH($A15,'Shopping List'!$O$5:$O$316,0))),"") -> 2300 x 915 mm (consider 2400 x 1000) | E15: =IFERROR(IF(INDEX('Shopping List'!$G$5:$G$316,MATCH($A15,'Shopping List'!$O$5:$O$316,0))="","",INDEX('Shopping List'!$G$5:$G$316,MATCH($A15,'Shopping List'!$O$5:$O$316,0))),"") -> 1 | F15: =IFERROR(IF(INDEX('Shopping List'!$H$5:$H$316,MATCH($A15,'Shopping List'!$O$5:$O$316,0))="","",INDEX('Shopping List'!$H$5:$H$316,MATCH($A15,'Shopping List'!$O$5:$O$316,0))),"") -> set | G15: =IFERROR(IF(INDEX('Shopping List'!$I$5:$I$316,MATCH($A15,'Shopping List'!$O$5:$O$316,0))="","",INDEX('Shopping List'!$I$5:$I$316,MATCH($A15,'Shopping List'!$O$5:$O$316,0))),"") | H15: =IFERROR(IF(INDEX('Shopping List'!$L$5:$L$316,MATCH($A15,'Shopping List'!$O$5:$O$316,0))="","",INDEX('Shopping List'!$L$5:$L$316,MATCH($A15,'Shopping List'!$O$5:$O$316,0))),"") | I15: =IFERROR(IF(INDEX('Shopping List'!$M$5:$M$316,MATCH($A15,'Shopping List'!$O$5:$O$316,0))="","",INDEX('Shopping List'!$M$5:$M$316,MATCH($A15,'Shopping List'!$O$5:$O$316,0))),"") -> To buy | J15: =IFERROR(IF(INDEX('Shopping List'!$N$5:$N$316,MATCH($A15,'Shopping List'!$O$5:$O$316,0))="","",INDEX('Shopping List'!$N$5:$N$316,MATCH($A15,'Shopping List'!$O$5:$O$316,0))),"")
A16: 9 | B16: =IFERROR(IF(INDEX('Shopping List'!$D$5:$D$316,MATCH($A16,'Shopping List'!$O$5:$O$316,0))="","",INDEX('Shopping List'!$D$5:$D$316,MATCH($A16,'Shopping List'!$O$5:$O$316,0))),"") -> Sintered stone worktop (run + island) | C16: =IFERROR(IF(INDEX('Shopping List'!$E$5:$E$316,MATCH($A16,'Shopping List'!$O$5:$O$316,0))="","",INDEX('Shopping List'!$E$5:$E$316,MATCH($A16,'Shopping List'!$O$5:$O$316,0))),"") -> 12-20 mm, mitred edges, cut-outs for sink & hob | D16: =IFERROR(IF(INDEX('Shopping List'!$F$5:$F$316,MATCH($A16,'Shopping List'!$O$5:$O$316,0))="","",INDEX('Shopping List'!$F$5:$F$316,MATCH($A16,'Shopping List'!$O$5:$O$316,0))),"") -> ~7 m² | E16: =IFERROR(IF(INDEX('Shopping List'!$G$5:$G$316,MATCH($A16,'Shopping List'!$O$5:$O$316,0))="","",INDEX('Shopping List'!$G$5:$G$316,MATCH($A16,'Shopping List'!$O$5:$O$316,0))),"") -> 7 | F16: =IFERROR(IF(INDEX('Shopping List'!$H$5:$H$316,MATCH($A16,'Shopping List'!$O$5:$O$316,0))="","",INDEX('Shopping List'!$H$5:$H$316,MATCH($A16,'Shopping List'!$O$5:$O$316,0))),"") -> m² | G16: =IFERROR(IF(INDEX('Shopping List'!$I$5:$I$316,MATCH($A16,'Shopping List'!$O$5:$O$316,0))="","",INDEX('Shopping List'!$I$5:$I$316,MATCH($A16,'Shopping List'!$O$5:$O$316,0))),"") | H16: =IFERROR(IF(INDEX('Shopping List'!$L$5:$L$316,MATCH($A16,'Shopping List'!$O$5:$O$316,0))="","",INDEX('Shopping List'!$L$5:$L$316,MATCH($A16,'Shopping List'!$O$5:$O$316,0))),"") | I16: =IFERROR(IF(INDEX('Shopping List'!$M$5:$M$316,MATCH($A16,'Shopping List'!$O$5:$O$316,0))="","",INDEX('Shopping List'!$M$5:$M$316,MATCH($A16,'Shopping List'!$O$5:$O$316,0))),"") -> To buy | J16: =IFERROR(IF(INDEX('Shopping List'!$N$5:$N$316,MATCH($A16,'Shopping List'!$O$5:$O$316,0))="","",INDEX('Shopping List'!$N$5:$N$316,MATCH($A16,'Shopping List'!$O$5:$O$316,0))),"") -> Template on site recommended
A17: 10 | B17: =IFERROR(IF(INDEX('Shopping List'!$D$5:$D$316,MATCH($A17,'Shopping List'!$O$5:$O$316,0))="","",INDEX('Shopping List'!$D$5:$D$316,MATCH($A17,'Shopping List'!$O$5:$O$316,0))),"") -> Island bar stools | C17: =IFERROR(IF(INDEX('Shopping List'!$E$5:$E$316,MATCH($A17,'Shopping List'!$O$5:$O$316,0))="","",INDEX('Shopping List'!$E$5:$E$316,MATCH($A17,'Shopping List'!$O$5:$O$316,0))),"") -> Counter height, seat ~650 mm | D17: =IFERROR(IF(INDEX('Shopping List'!$F$5:$F$316,MATCH($A17,'Shopping List'!$O$5:$O$316,0))="","",INDEX('Shopping List'!$F$5:$F$316,MATCH($A17,'Shopping List'!$O$5:$O$316,0))),"") -> Designer to select | E17: =IFERROR(IF(INDEX('Shopping List'!$G$5:$G$316,MATCH($A17,'Shopping List'!$O$5:$O$316,0))="","",INDEX('Shopping List'!$G$5:$G$316,MATCH($A17,'Shopping List'!$O$5:$O$316,0))),"") -> 3 | F17: =IFERROR(IF(INDEX('Shopping List'!$H$5:$H$316,MATCH($A17,'Shopping List'!$O$5:$O$316,0))="","",INDEX('Shopping List'!$H$5:$H$316,MATCH($A17,'Shopping List'!$O$5:$O$316,0))),"") -> pcs | G17: =IFERROR(IF(INDEX('Shopping List'!$I$5:$I$316,MATCH($A17,'Shopping List'!$O$5:$O$316,0))="","",INDEX('Shopping List'!$I$5:$I$316,MATCH($A17,'Shopping List'!$O$5:$O$316,0))),"") | H17: =IFERROR(IF(INDEX('Shopping List'!$L$5:$L$316,MATCH($A17,'Shopping List'!$O$5:$O$316,0))="","",INDEX('Shopping List'!$L$5:$L$316,MATCH($A17,'Shopping List'!$O$5:$O$316,0))),"") | I17: =IFERROR(IF(INDEX('Shopping List'!$M$5:$M$316,MATCH($A17,'Shopping List'!$O$5:$O$316,0))="","",INDEX('Shopping List'!$M$5:$M$316,MATCH($A17,'Shopping List'!$O$5:$O$316,0))),"") -> To buy | J17: =IFERROR(IF(INDEX('Shopping List'!$N$5:$N$316,MATCH($A17,'Shopping List'!$O$5:$O$316,0))="","",INDEX('Shopping List'!$N$5:$N$316,MATCH($A17,'Shopping List'!$O$5:$O$316,0))),"")
A18: 11 | B18: =IFERROR(IF(INDEX('Shopping List'!$D$5:$D$316,MATCH($A18,'Shopping List'!$O$5:$O$316,0))="","",INDEX('Shopping List'!$D$5:$D$316,MATCH($A18,'Shopping List'!$O$5:$O$316,0))),"") -> Under-mount double-bowl sink + pull-down mixer | C18: =IFERROR(IF(INDEX('Shopping List'!$E$5:$E$316,MATCH($A18,'Shopping List'!$O$5:$O$316,0))="","",INDEX('Shopping List'!$E$5:$E$316,MATCH($A18,'Shopping List'!$O$5:$O$316,0))),"") -> Sink SUS304 1.2 mm handmade (SUS316 if offered); mixer SUS316L stainless body (not 304, not zinc, not plated brass), ceramic cartridge, PVD finish | D18: =IFERROR(IF(INDEX('Shopping List'!$F$5:$F$316,MATCH($A18,'Shopping List'!$O$5:$O$316,0))="","",INDEX('Shopping List'!$F$5:$F$316,MATCH($A18,'Shopping List'!$O$5:$O$316,0))),"") -> ~860 x 450 mm, PVD gunmetal | E18: =IFERROR(IF(INDEX('Shopping List'!$G$5:$G$316,MATCH($A18,'Shopping List'!$O$5:$O$316,0))="","",INDEX('Shopping List'!$G$5:$G$316,MATCH($A18,'Shopping List'!$O$5:$O$316,0))),"") -> 1 | F18: =IFERROR(IF(INDEX('Shopping List'!$H$5:$H$316,MATCH($A18,'Shopping List'!$O$5:$O$316,0))="","",INDEX('Shopping List'!$H$5:$H$316,MATCH($A18,'Shopping List'!$O$5:$O$316,0))),"") -> set | G18: =IFERROR(IF(INDEX('Shopping List'!$I$5:$I$316,MATCH($A18,'Shopping List'!$O$5:$O$316,0))="","",INDEX('Shopping List'!$I$5:$I$316,MATCH($A18,'Shopping List'!$O$5:$O$316,0))),"") | H18: =IFERROR(IF(INDEX('Shopping List'!$L$5:$L$316,MATCH($A18,'Shopping List'!$O$5:$O$316,0))="","",INDEX('Shopping List'!$L$5:$L$316,MATCH($A18,'Shopping List'!$O$5:$O$316,0))),"") | I18: =IFERROR(IF(INDEX('Shopping List'!$M$5:$M$316,MATCH($A18,'Shopping List'!$O$5:$O$316,0))="","",INDEX('Shopping List'!$M$5:$M$316,MATCH($A18,'Shopping List'!$O$5:$O$316,0))),"") -> To buy | J18: =IFERROR(IF(INDEX('Shopping List'!$N$5:$N$316,MATCH($A18,'Shopping List'!$O$5:$O$316,0))="","",INDEX('Shopping List'!$N$5:$N$316,MATCH($A18,'Shopping List'!$O$5:$O$316,0))),"")
A19: 12 | B19: =IFERROR(IF(INDEX('Shopping List'!$D$5:$D$316,MATCH($A19,'Shopping List'!$O$5:$O$316,0))="","",INDEX('Shopping List'!$D$5:$D$316,MATCH($A19,'Shopping List'!$O$5:$O$316,0))),"") -> Built-in hob 90 cm | C19: =IFERROR(IF(INDEX('Shopping List'!$E$5:$E$316,MATCH($A19,'Shopping List'!$O$5:$O$316,0))="","",INDEX('Shopping List'!$E$5:$E$316,MATCH($A19,'Shopping List'!$O$5:$O$316,0))),"") -> 220-240V 50Hz, UK plug or hard-wired; confirm local service/warranty; induction 5-zone (or gas - CONFIRM) | D19: =IFERROR(IF(INDEX('Shopping List'!$F$5:$F$316,MATCH($A19,'Shopping List'!$O$5:$O$316,0))="","",INDEX('Shopping List'!$F$5:$F$316,MATCH($A19,'Shopping List'!$O$5:$O$316,0))),"") -> 90 cm, black glass | E19: =IFERROR(IF(INDEX('Shopping List'!$G$5:$G$316,MATCH($A19,'Shopping List'!$O$5:$O$316,0))="","",INDEX('Shopping List'!$G$5:$G$316,MATCH($A19,'Shopping List'!$O$5:$O$316,0))),"") -> 1 | F19: =IFERROR(IF(INDEX('Shopping List'!$H$5:$H$316,MATCH($A19,'Shopping List'!$O$5:$O$316,0))="","",INDEX('Shopping List'!$H$5:$H$316,MATCH($A19,'Shopping List'!$O$5:$O$316,0))),"") -> pcs | G19: =IFERROR(IF(INDEX('Shopping List'!$I$5:$I$316,MATCH($A19,'Shopping List'!$O$5:$O$316,0))="","",INDEX('Shopping List'!$I$5:$I$316,MATCH($A19,'Shopping List'!$O$5:$O$316,0))),"") | H19: =IFERROR(IF(INDEX('Shopping List'!$L$5:$L$316,MATCH($A19,'Shopping List'!$O$5:$O$316,0))="","",INDEX('Shopping List'!$L$5:$L$316,MATCH($A19,'Shopping List'!$O$5:$O$316,0))),"") | I19: =IFERROR(IF(INDEX('Shopping List'!$M$5:$M$316,MATCH($A19,'Shopping List'!$O$5:$O$316,0))="","",INDEX('Shopping List'!$M$5:$M$316,MATCH($A19,'Shopping List'!$O$5:$O$316,0))),"") -> To buy | J19: =IFERROR(IF(INDEX('Shopping List'!$N$5:$N$316,MATCH($A19,'Shopping List'!$O$5:$O$316,0))="","",INDEX('Shopping List'!$N$5:$N$316,MATCH($A19,'Shopping List'!$O$5:$O$316,0))),"") -> Cooking fuel not yet confirmed
... A87: 80 | B87: =IFERROR(IF(INDEX('Shopping List'!$D$5:$D$316,MATCH($A87,'Shopping List'!$O$5:$O$316,0))="","",INDEX('Shopping List'!$D$5:$D$316,MATCH($A87,'Shopping List'!$O$5:$O$316,0))),"") | C87: =IFERROR(IF(INDEX('Shopping List'!$E$5:$E$316,MATCH($A87,'Shopping List'!$O$5:$O$316,0))="","",INDEX('Shopping List'!$E$5:$E$316,MATCH($A87,'Shopping List'!$O$5:$O$316,0))),"") | D87: =IFERROR(IF(INDEX('Shopping List'!$F$5:$F$316,MATCH($A87,'Shopping List'!$O$5:$O$316,0))="","",INDEX('Shopping List'!$F$5:$F$316,MATCH($A87,'Shopping List'!$O$5:$O$316,0))),"") | E87: =IFERROR(IF(INDEX('Shopping List'!$G$5:$G$316,MATCH($A87,'Shopping List'!$O$5:$O$316,0))="","",INDEX('Shopping List'!$G$5:$G$316,MATCH($A87,'Shopping List'!$O$5:$O$316,0))),"") | F87: =IFERROR(IF(INDEX('Shopping List'!$H$5:$H$316,MATCH($A87,'Shopping List'!$O$5:$O$316,0))="","",INDEX('Shopping List'!$H$5:$H$316,MATCH($A87,'Shopping List'!$O$5:$O$316,0))),"") | G87: =IFERROR(IF(INDEX('Shopping List'!$I$5:$I$316,MATCH($A87,'Shopping List'!$O$5:$O$316,0))="","",INDEX('Shopping List'!$I$5:$I$316,MATCH($A87,'Shopping List'!$O$5:$O$316,0))),"") | H87: =IFERROR(IF(INDEX('Shopping List'!$L$5:$L$316,MATCH($A87,'Shopping List'!$O$5:$O$316,0))="","",INDEX('Shopping List'!$L$5:$L$316,MATCH($A87,'Shopping List'!$O$5:$O$316,0))),"") | I87: =IFERROR(IF(INDEX('Shopping List'!$M$5:$M$316,MATCH($A87,'Shopping List'!$O$5:$O$316,0))="","",INDEX('Shopping List'!$M$5:$M$316,MATCH($A87,'Shopping List'!$O$5:$O$316,0))),"") | J87: =IFERROR(IF(INDEX('Shopping List'!$N$5:$N$316,MATCH($A87,'Shopping List'!$O$5:$O$316,0))="","",INDEX('Shopping List'!$N$5:$N$316,MATCH($A87,'Shopping List'!$O$5:$O$316,0))),"")

Sheet Rooms
A1: Rooms
A2: Tile quantities on the Shopping List follow the areas here. Areas are estimated from the drawings - correct them after measuring on site.
A4: Room | B4: Floor | C4: Floor area m² | D4: Wall tile m² | E4: Items | F4: Total CNY | G4: Received | H4: Notes
A5: GF-ENT - Entrance | B5: Ground | C5: 4 | E5: =COUNTIF('Shopping List'!$B$5:$B$316,A5) -> 2 | F5: =SUMIFS('Shopping List'!$J$5:$J$316,'Shopping List'!$B$5:$B$316,A5) -> 0 | G5: =COUNTIFS('Shopping List'!$B$5:$B$316,A5,'Shopping List'!$M$5:$M$316,"Received")&" / "&E5 -> 0 / 2 | H5: Main door
A6: GF-HAL - Hall & Corridors | B6: Ground | C6: 45 | E6: =COUNTIF('Shopping List'!$B$5:$B$316,A6) -> 1 | F6: =SUMIFS('Shopping List'!$J$5:$J$316,'Shopping List'!$B$5:$B$316,A6) -> 0 | G6: =COUNTIFS('Shopping List'!$B$5:$B$316,A6,'Shopping List'!$M$5:$M$316,"Received")&" / "&E6 -> 0 / 1 | H6: Central corridor, stair hall
A7: GF-LIV - Living Room | B7: Ground | C7: 28.2 | E7: =COUNTIF('Shopping List'!$B$5:$B$316,A7) -> 8 | F7: =SUMIFS('Shopping List'!$J$5:$J$316,'Shopping List'!$B$5:$B$316,A7) -> 0 | G7: =COUNTIFS('Shopping List'!$B$5:$B$316,A7,'Shopping List'!$M$5:$M$316,"Received")&" / "&E7 -> 0 / 8 | H7: 6.00 x 4.70 m, TV wall
A8: GF-DIN - Dining | B8: Ground | C8: 28.8 | E8: =COUNTIF('Shopping List'!$B$5:$B$316,A8) -> 7 | F8: =SUMIFS('Shopping List'!$J$5:$J$316,'Shopping List'!$B$5:$B$316,A8) -> 0 | G8: =COUNTIFS('Shopping List'!$B$5:$B$316,A8,'Shopping List'!$M$5:$M$316,"Received")&" / "&E8 -> 0 / 7 | H8: 7.73 x 3.72 m, 8 seats
A9: GF-KIT - Kitchen | B9: Ground | C9: 22 | D9: 6 | E9: =COUNTIF('Shopping List'!$B$5:$B$316,A9) -> 17 | F9: =SUMIFS('Shopping List'!$J$5:$J$316,'Shopping List'!$B$5:$B$316,A9) -> 0 | G9: =COUNTIFS('Shopping List'!$B$5:$B$316,A9,'Shopping List'!$M$5:$M$316,"Received")&" / "&E9 -> 0 / 17 | H9: 5.80 x 3.80 m, L-shape + island; wall m² = backsplash
A10: GF-PAN - Walk-in Pantry | B10: Ground | C10: 6.5 | E10: =COUNTIF('Shopping List'!$B$5:$B$316,A10) -> 2 | F10: =SUMIFS('Shopping List'!$J$5:$J$316,'Shopping List'!$B$5:$B$316,A10) -> 0 | G10: =COUNTIFS('Shopping List'!$B$5:$B$316,A10,'Shopping List'!$M$5:$M$316,"Received")&" / "&E10 -> 0 / 2 | H10: 1.70 x 3.80 m
A11: GF-STR - Store Room | B11: Ground | C11: 5.7 | E11: =COUNTIF('Shopping List'!$B$5:$B$316,A11) -> 1 | F11: =SUMIFS('Shopping List'!$J$5:$J$316,'Shopping List'!$B$5:$B$316,A11) -> 0 | G11: =COUNTIFS('Shopping List'!$B$5:$B$316,A11,'Shopping List'!$M$5:$M$316,"Received")&" / "&E11 -> 0 / 1 | H11: 1.50 x 3.80 m
A12: GF-OFF - Home Office | B12: Ground | C12: 7.9 | E12: =COUNTIF('Shopping List'!$B$5:$B$316,A12) -> 1 | F12: =SUMIFS('Shopping List'!$J$5:$J$316,'Shopping List'!$B$5:$B$316,A12) -> 0 | G12: =COUNTIFS('Shopping List'!$B$5:$B$316,A12,'Shopping List'!$M$5:$M$316,"Received")&" / "&E12 -> 0 / 1
A13: GF-PRY - Prayer Room | B13: Ground | C13: 8.5 | E13: =COUNTIF('Shopping List'!$B$5:$B$316,A13) -> 1 | F13: =SUMIFS('Shopping List'!$J$5:$J$316,'Shopping List'!$B$5:$B$316,A13) -> 0 | G13: =COUNTIFS('Shopping List'!$B$5:$B$316,A13,'Shopping List'!$M$5:$M$316,"Received")&" / "&E13 -> 0 / 1
A14: GF-GBR - Guest Bedroom | B14: Ground | C14: 16.2 | E14: =COUNTIF('Shopping List'!$B$5:$B$316,A14) -> 1 | F14: =SUMIFS('Shopping List'!$J$5:$J$316,'Shopping List'!$B$5:$B$316,A14) -> 0 | G14: =COUNTIFS('Shopping List'!$B$5:$B$316,A14,'Shopping List'!$M$5:$M$316,"Received")&" / "&E14 -> 0 / 1 | H14: 4.27 x 3.80 m
A15: GF-GBA - Guest Bathroom | B15: Ground | C15: 6.2 | D15: 26.9 | E15: =COUNTIF('Shopping List'!$B$5:$B$316,A15) -> 12 | F15: =SUMIFS('Shopping List'!$J$5:$J$316,'Shopping List'!$B$5:$B$316,A15) -> 0 | G15: =COUNTIFS('Shopping List'!$B$5:$B$316,A15,'Shopping List'!$M$5:$M$316,"Received")&" / "&E15 -> 0 / 12 | H15: Shower + WC + basin
A16: GF-PWC - Public WC | B16: Ground | C16: 2.5 | D16: 14.8 | E16: =COUNTIF('Shopping List'!$B$5:$B$316,A16) -> 9 | F16: =SUMIFS('Shopping List'!$J$5:$J$316,'Shopping List'!$B$5:$B$316,A16) -> 0 | G16: =COUNTIFS('Shopping List'!$B$5:$B$316,A16,'Shopping List'!$M$5:$M$316,"Received")&" / "&E16 -> 0 / 9 | H16: WC + basin
A17: GF-VER - Kitchen Verandah | B17: Ground | C17: 9 | E17: =COUNTIF('Shopping List'!$B$5:$B$316,A17) -> 1 | F17: =SUMIFS('Shopping List'!$J$5:$J$316,'Shopping List'!$B$5:$B$316,A17) -> 0 | G17: =COUNTIFS('Shopping List'!$B$5:$B$316,A17,'Shopping List'!$M$5:$M$316,"Received")&" / "&E17 -> 0 / 1 | H17: Outdoor
A18: GF-PRK - Carport | B18: Ground | C18: 31.4 | E18: =COUNTIF('Shopping List'!$B$5:$B$316,A18) -> 1 | F18: =SUMIFS('Shopping List'!$J$5:$J$316,'Shopping List'!$B$5:$B$316,A18) -> 0 | G18: =COUNTIFS('Shopping List'!$B$5:$B$316,A18,'Shopping List'!$M$5:$M$316,"Received")&" / "&E18 -> 0 / 1 | H18: 2 cars
A19: GF-STA - Stairs Ground to First | B19: Ground | E19: =COUNTIF('Shopping List'!$B$5:$B$316,A19) -> 3 | F19: =SUMIFS('Shopping List'!$J$5:$J$316,'Shopping List'!$B$5:$B$316,A19) -> 0 | G19: =COUNTIFS('Shopping List'!$B$5:$B$316,A19,'Shopping List'!$M$5:$M$316,"Received")&" / "&E19 -> 0 / 3 | H19: 22 risers, 21 treads
A20: FF-LND - Landing & Corridor | B20: First | C20: 35 | E20: =COUNTIF('Shopping List'!$B$5:$B$316,A20) -> 1 | F20: =SUMIFS('Shopping List'!$J$5:$J$316,'Shopping List'!$B$5:$B$316,A20) -> 0 | G20: =COUNTIFS('Shopping List'!$B$5:$B$316,A20,'Shopping List'!$M$5:$M$316,"Received")&" / "&E20 -> 0 / 1
A21: FF-MBR - Master Bedroom | B21: First | C21: 28.2 | E21: =COUNTIF('Shopping List'!$B$5:$B$316,A21) -> 11 | F21: =SUMIFS('Shopping List'!$J$5:$J$316,'Shopping List'!$B$5:$B$316,A21) -> 0 | G21: =COUNTIFS('Shopping List'!$B$5:$B$316,A21,'Shopping List'!$M$5:$M$316,"Received")&" / "&E21 -> 0 / 11 | H21: 6.00 x 4.70 m
A22: FF-MBA - Master Bathroom | B22: First | C22: 8.6 | D22: 29.1 | E22: =COUNTIF('Shopping List'!$B$5:$B$316,A22) -> 13 | F22: =SUMIFS('Shopping List'!$J$5:$J$316,'Shopping List'!$B$5:$B$316,A22) -> 0 | G22: =COUNTIFS('Shopping List'!$B$5:$B$316,A22,'Shopping List'!$M$5:$M$316,"Received")&" / "&E22 -> 0 / 13 | H22: Bathtub + shower + double basin
A23: FF-CLO - Master Closet | B23: First | C23: 9 | E23: =COUNTIF('Shopping List'!$B$5:$B$316,A23) -> 2 | F23: =SUMIFS('Shopping List'!$J$5:$J$316,'Shopping List'!$B$5:$B$316,A23) -> 0 | G23: =COUNTIFS('Shopping List'!$B$5:$B$316,A23,'Shopping List'!$M$5:$M$316,"Received")&" / "&E23 -> 0 / 2 | H23: 3.00 x 3.00 m walk-in
A24: FF-BR1 - Bedroom 1 | B24: First | C24: 16.7 | E24: =COUNTIF('Shopping List'!$B$5:$B$316,A24) -> 1 | F24: =SUMIFS('Shopping List'!$J$5:$J$316,'Shopping List'!$B$5:$B$316,A24) -> 0 | G24: =COUNTIFS('Shopping List'!$B$5:$B$316,A24,'Shopping List'!$M$5:$M$316,"Received")&" / "&E24 -> 0 / 1 | H24: Tiles only
A25: FF-BA1 - Bathroom 1 | B25: First | C25: 6.1 | D25: 27.6 | E25: =COUNTIF('Shopping List'!$B$5:$B$316,A25) -> 12 | F25: =SUMIFS('Shopping List'!$J$5:$J$316,'Shopping List'!$B$5:$B$316,A25) -> 0 | G25: =COUNTIFS('Shopping List'!$B$5:$B$316,A25,'Shopping List'!$M$5:$M$316,"Received")&" / "&E25 -> 0 / 12
A26: FF-BR2 - Bedroom 2 | B26: First | C26: 15 | E26: =COUNTIF('Shopping List'!$B$5:$B$316,A26) -> 1 | F26: =SUMIFS('Shopping List'!$J$5:$J$316,'Shopping List'!$B$5:$B$316,A26) -> 0 | G26: =COUNTIFS('Shopping List'!$B$5:$B$316,A26,'Shopping List'!$M$5:$M$316,"Received")&" / "&E26 -> 0 / 1 | H26: Tiles only
A27: FF-BA2 - Bathroom 2 | B27: First | C27: 6.7 | D27: 27.6 | E27: =COUNTIF('Shopping List'!$B$5:$B$316,A27) -> 12 | F27: =SUMIFS('Shopping List'!$J$5:$J$316,'Shopping List'!$B$5:$B$316,A27) -> 0 | G27: =COUNTIFS('Shopping List'!$B$5:$B$316,A27,'Shopping List'!$M$5:$M$316,"Received")&" / "&E27 -> 0 / 12
A28: FF-BR3 - Bedroom 3 | B28: First | C28: 15.7 | E28: =COUNTIF('Shopping List'!$B$5:$B$316,A28) -> 1 | F28: =SUMIFS('Shopping List'!$J$5:$J$316,'Shopping List'!$B$5:$B$316,A28) -> 0 | G28: =COUNTIFS('Shopping List'!$B$5:$B$316,A28,'Shopping List'!$M$5:$M$316,"Received")&" / "&E28 -> 0 / 1 | H28: Tiles only
A29: FF-BA3 - Bathroom 3 | B29: First | C29: 4.3 | D29: 21.2 | E29: =COUNTIF('Shopping List'!$B$5:$B$316,A29) -> 12 | F29: =SUMIFS('Shopping List'!$J$5:$J$316,'Shopping List'!$B$5:$B$316,A29) -> 0 | G29: =COUNTIFS('Shopping List'!$B$5:$B$316,A29,'Shopping List'!$M$5:$M$316,"Received")&" / "&E29 -> 0 / 12
A30: FF-FAM - Family Lounge | B30: First | C30: 28.2 | E30: =COUNTIF('Shopping List'!$B$5:$B$316,A30) -> 2 | F30: =SUMIFS('Shopping List'!$J$5:$J$316,'Shopping List'!$B$5:$B$316,A30) -> 0 | G30: =COUNTIFS('Shopping List'!$B$5:$B$316,A30,'Shopping List'!$M$5:$M$316,"Received")&" / "&E30 -> 0 / 2 | H30: Tiles only
A31: FF-BAL - Balconies (all 4) | B31: First | C31: 35.5 | E31: =COUNTIF('Shopping List'!$B$5:$B$316,A31) -> 1 | F31: =SUMIFS('Shopping List'!$J$5:$J$316,'Shopping List'!$B$5:$B$316,A31) -> 0 | G31: =COUNTIFS('Shopping List'!$B$5:$B$316,A31,'Shopping List'!$M$5:$M$316,"Received")&" / "&E31 -> 0 / 1 | H31: Master 7.7 + front 12.0 + bedroom-1 9.0 + shared 6.8
A32: FF-STA - Stairs First to Roof | B32: First | E32: =COUNTIF('Shopping List'!$B$5:$B$316,A32) -> 3 | F32: =SUMIFS('Shopping List'!$J$5:$J$316,'Shopping List'!$B$5:$B$316,A32) -> 0 | G32: =COUNTIFS('Shopping List'!$B$5:$B$316,A32,'Shopping List'!$M$5:$M$316,"Received")&" / "&E32 -> 0 / 3 | H32: 22 risers, 21 treads
A33: RF-GYM - Gym | B33: Roof | C33: 47.2 | E33: =COUNTIF('Shopping List'!$B$5:$B$316,A33) -> 1 | F33: =SUMIFS('Shopping List'!$J$5:$J$316,'Shopping List'!$B$5:$B$316,A33) -> 0 | G33: =COUNTIFS('Shopping List'!$B$5:$B$316,A33,'Shopping List'!$M$5:$M$316,"Received")&" / "&E33 -> 0 / 1 | H33: Tiles only
A34: RF-WC - Roof WC | B34: Roof | C34: 2.1 | D34: 13.2 | E34: =COUNTIF('Shopping List'!$B$5:$B$316,A34) -> 9 | F34: =SUMIFS('Shopping List'!$J$5:$J$316,'Shopping List'!$B$5:$B$316,A34) -> 0 | G34: =COUNTIFS('Shopping List'!$B$5:$B$316,A34,'Shopping List'!$M$5:$M$316,"Received")&" / "&E34 -> 0 / 9 | H34: WC + basin
A35: RF-LOB - Roof Lobby | B35: Roof | C35: 18.6 | E35: =COUNTIF('Shopping List'!$B$5:$B$316,A35) -> 1 | F35: =SUMIFS('Shopping List'!$J$5:$J$316,'Shopping List'!$B$5:$B$316,A35) -> 0 | G35: =COUNTIFS('Shopping List'!$B$5:$B$316,A35,'Shopping List'!$M$5:$M$316,"Received")&" / "&E35 -> 0 / 1 | H35: Covered area outside gym
A36: RF-TER - Roof Terrace (Phase II) | B36: Roof | C36: 110 | E36: =COUNTIF('Shopping List'!$B$5:$B$316,A36) -> 2 | F36: =SUMIFS('Shopping List'!$J$5:$J$316,'Shopping List'!$B$5:$B$316,A36) -> 0 | G36: =COUNTIFS('Shopping List'!$B$5:$B$316,A36,'Shopping List'!$M$5:$M$316,"Received")&" / "&E36 -> 0 / 2 | H36: Optional - Phase II
A37: ALL - Whole house | B37: All | E37: =COUNTIF('Shopping List'!$B$5:$B$316,A37) -> 33 | F37: =SUMIFS('Shopping List'!$J$5:$J$316,'Shopping List'!$B$5:$B$316,A37) -> 0 | G37: =COUNTIFS('Shopping List'!$B$5:$B$316,A37,'Shopping List'!$M$5:$M$316,"Received")&" / "&E37 -> 0 / 33 | H37: Items for the whole house (switches, lights, spares)
A38: DOORS - All doors | B38: All | E38: =COUNTIF('Shopping List'!$B$5:$B$316,A38) -> 18 | F38: =SUMIFS('Shopping List'!$J$5:$J$316,'Shopping List'!$B$5:$B$316,A38) -> 0 | G38: =COUNTIFS('Shopping List'!$B$5:$B$316,A38,'Shopping List'!$M$5:$M$316,"Received")&" / "&E38 -> 0 / 18 | H38: Hardware for the locally-made doors - see Doors sheet
A39: WATER - RO plant | B39: Outside | E39: =COUNTIF('Shopping List'!$B$5:$B$316,A39) -> 9 | F39: =SUMIFS('Shopping List'!$J$5:$J$316,'Shopping List'!$B$5:$B$316,A39) -> 0 | G39: =COUNTIFS('Shopping List'!$B$5:$B$316,A39,'Shopping List'!$M$5:$M$316,"Received")&" / "&E39 -> 0 / 9 | H39: Water treatment near borehole

Sheet Doors
A1: Doors - the locally-made doors
A2: Door hardware quantities on the Shopping List follow this table.
A4: Doors: | B4: =COUNTIF(C7:C46,"?*") -> 22 | C4: ="Entrance: "&COUNTIF($C$7:$C$46,"Entrance") -> Entrance: 1 | D4: ="External: "&COUNTIF($C$7:$C$46,"External") -> External: 2 | E4: ="Bedroom: "&COUNTIF($C$7:$C$46,"Bedroom") -> Bedroom: 5 | F4: ="Bathroom: "&COUNTIF($C$7:$C$46,"Bathroom") -> Bathroom: 7 | G4: ="Keyed: "&COUNTIF($C$7:$C$46,"Keyed") -> Keyed: 1 | H4: ="Passage: "&COUNTIF($C$7:$C$46,"Passage") -> Passage: 6
A6: Door | B6: Room | C6: Door type | D6: Size W x H (mm) | E6: Stop / Holder | F6: Notes
A7: D01 | B7: GF-ENT - Entrance | C7: Entrance | D7: 1200 x 2700 | E7: Floor stop | F7: Main front door
A8: D02 | B8: GF-KIT - Kitchen | C8: Passage | D8: 800 x 2700 | E8: Magnetic holder
A9: D03 | B9: GF-PAN - Walk-in Pantry | C9: Passage | D9: 800 x 2700 | E9: Magnetic holder
A10: D04 | B10: GF-STR - Store Room | C10: Passage | D10: 800 x 2700 | E10: Floor stop
A11: D05 | B11: GF-OFF - Home Office | C11: Keyed | D11: 800 x 2700 | E11: Floor stop | F11: Network room - lockable
A12: D06 | B12: GF-PRY - Prayer Room | C12: Passage | D12: 800 x 2700 | E12: Floor stop
A13: D07 | B13: GF-GBR - Guest Bedroom | C13: Bedroom | D13: 900 x 2700 | E13: Floor stop
A14: D08 | B14: GF-GBA - Guest Bathroom | C14: Bathroom | D14: 800 x 2700 | E14: Floor stop
A15: D09 | B15: GF-PWC - Public WC | C15: Bathroom | D15: 800 x 2700 | E15: Floor stop
A16: D10 | B16: GF-VER - Kitchen Verandah | C16: External | D16: 800 x 2500 | E16: Floor stop | F16: Kitchen to verandah
A17: D11 | B17: FF-MBR - Master Bedroom | C17: Bedroom | D17: 900 x 2700 | E17: Floor stop
A18: D12 | B18: FF-MBA - Master Bathroom | C18: Bathroom | D18: 800 x 2700 | E18: Floor stop
A19: D13 | B19: FF-CLO - Master Closet | C19: Passage | D19: 800 x 2700 | E19: Magnetic holder
A20: D14 | B20: FF-BR1 - Bedroom 1 | C20: Bedroom | D20: 900 x 2700 | E20: Floor stop
A21: D15 | B21: FF-BA1 - Bathroom 1 | C21: Bathroom | D21: 800 x 2700 | E21: Floor stop
A22: D16 | B22: FF-BR2 - Bedroom 2 | C22: Bedroom | D22: 900 x 2700 | E22: Floor stop
A23: D17 | B23: FF-BA2 - Bathroom 2 | C23: Bathroom | D23: 800 x 2700 | E23: Floor stop
A24: D18 | B24: FF-BR3 - Bedroom 3 | C24: Bedroom | D24: 900 x 2700 | E24: Floor stop
A25: D19 | B25: FF-BA3 - Bathroom 3 | C25: Bathroom | D25: 800 x 2700 | E25: Floor stop
A26: D20 | B26: RF-GYM - Gym | C26: Passage | D26: 900 x 2700 | E26: Magnetic holder
A27: D21 | B27: RF-WC - Roof WC | C27: Bathroom | D27: 800 x 2700 | E27: Floor stop
A28: D22 | B28: RF-LOB - Roof Lobby | C28: External | D28: 800 x 2500 | E28: Floor stop | F28: Door to roof terrace
A48: Door types - Entrance: security lock, closer, viewer. External: keyed, closer, weather seal. Bedroom: privacy turn inside, key outside. Bathroom: occupied indicator. Keyed: lockable room. Passage: latch only.

Sheet Packing
A1: Packing - one line per box
A2: Supplier fills this before loading: supplier name, room, what is inside, box size. The text to write on the box is created for you. Tick Received when the box arrives.
A3: Boxes: | B3: =COUNTIF(C6:C305,"?*") -> 1 | C3: Total CBM: | D3: =SUM(J6:J305) -> 0.459375 | E3: Container: | F3: =IF(D3=0,"-",IF(D3<=28,"1 x 20ft",IF(D3<=58,"1 x 40ft",IF(D3<=68,"1 x 40ft HC",ROUNDUP(D3/68,0)&" x 40ft HC")))) -> 1 x 20ft | H3: Received: | I3: =COUNTIF(L6:L305,"Y")&" of "&B3 -> 0 of 1
A5: Box | B5: Supplier | C5: Room | D5: WRITE THIS ON THE BOX | E5: What is inside | F5: Item IDs | G5: L cm | H5: W cm | I5: H cm | J5: CBM | K5: kg | L5: Received? | M5: Notes
A6: 1 | B6: Foshan Tile Co. | C6: GF-KIT - Kitchen | D6: =IF(C6="","",C6&" | BOX "&COUNTIF($C$6:C6,C6)&" OF "&COUNTIF($C$6:$C$305,C6)&IF(B6="",""," | "&B6)) -> GF-KIT - Kitchen | BOX 1 OF 1 | Foshan Tile Co. | E6: (Example) Floor slab 1200x2400, 2 pieces | F6: GF-KIT-01 | G6: 245 | H6: 125 | I6: 15 | J6: =IF(COUNT(G6:I6)=3,G6*H6*I6/1000000,"") -> 0.459375 | K6: 95 | L6: N | M6: Example - overwrite
A7: 2 | D7: =IF(C7="","",C7&" | BOX "&COUNTIF($C$6:C7,C7)&" OF "&COUNTIF($C$6:$C$305,C7)&IF(B7="",""," | "&B7)) | J7: =IF(COUNT(G7:I7)=3,G7*H7*I7/1000000,"")
A8: 3 | D8: =IF(C8="","",C8&" | BOX "&COUNTIF($C$6:C8,C8)&" OF "&COUNTIF($C$6:$C$305,C8)&IF(B8="",""," | "&B8)) | J8: =IF(COUNT(G8:I8)=3,G8*H8*I8/1000000,"")
A9: 4 | D9: =IF(C9="","",C9&" | BOX "&COUNTIF($C$6:C9,C9)&" OF "&COUNTIF($C$6:$C$305,C9)&IF(B9="",""," | "&B9)) | J9: =IF(COUNT(G9:I9)=3,G9*H9*I9/1000000,"")
A10: 5 | D10: =IF(C10="","",C10&" | BOX "&COUNTIF($C$6:C10,C10)&" OF "&COUNTIF($C$6:$C$305,C10)&IF(B10="",""," | "&B10)) | J10: =IF(COUNT(G10:I10)=3,G10*H10*I10/1000000,"")
A11: 6 | D11: =IF(C11="","",C11&" | BOX "&COUNTIF($C$6:C11,C11)&" OF "&COUNTIF($C$6:$C$305,C11)&IF(B11="",""," | "&B11)) | J11: =IF(COUNT(G11:I11)=3,G11*H11*I11/1000000,"")
A12: 7 | D12: =IF(C12="","",C12&" | BOX "&COUNTIF($C$6:C12,C12)&" OF "&COUNTIF($C$6:$C$305,C12)&IF(B12="",""," | "&B12)) | J12: =IF(COUNT(G12:I12)=3,G12*H12*I12/1000000,"")
A13: 8 | D13: =IF(C13="","",C13&" | BOX "&COUNTIF($C$6:C13,C13)&" OF "&COUNTIF($C$6:$C$305,C13)&IF(B13="",""," | "&B13)) | J13: =IF(COUNT(G13:I13)=3,G13*H13*I13/1000000,"")
A14: 9 | D14: =IF(C14="","",C14&" | BOX "&COUNTIF($C$6:C14,C14)&" OF "&COUNTIF($C$6:$C$305,C14)&IF(B14="",""," | "&B14)) | J14: =IF(COUNT(G14:I14)=3,G14*H14*I14/1000000,"")
A15: 10 | D15: =IF(C15="","",C15&" | BOX "&COUNTIF($C$6:C15,C15)&" OF "&COUNTIF($C$6:$C$305,C15)&IF(B15="",""," | "&B15)) | J15: =IF(COUNT(G15:I15)=3,G15*H15*I15/1000000,"")
A16: 11 | D16: =IF(C16="","",C16&" | BOX "&COUNTIF($C$6:C16,C16)&" OF "&COUNTIF($C$6:$C$305,C16)&IF(B16="",""," | "&B16)) | J16: =IF(COUNT(G16:I16)=3,G16*H16*I16/1000000,"")
A17: 12 | D17: =IF(C17="","",C17&" | BOX "&COUNTIF($C$6:C17,C17)&" OF "&COUNTIF($C$6:$C$305,C17)&IF(B17="",""," | "&B17)) | J17: =IF(COUNT(G17:I17)=3,G17*H17*I17/1000000,"")
A18: 13 | D18: =IF(C18="","",C18&" | BOX "&COUNTIF($C$6:C18,C18)&" OF "&COUNTIF($C$6:$C$305,C18)&IF(B18="",""," | "&B18)) | J18: =IF(COUNT(G18:I18)=3,G18*H18*I18/1000000,"")
... A305: 300 | D305: =IF(C305="","",C305&" | BOX "&COUNTIF($C$6:C305,C305)&" OF "&COUNTIF($C$6:$C$305,C305)&IF(B305="",""," | "&B305)) | J305: =IF(COUNT(G305:I305)=3,G305*H305*I305/1000000,"")

Sheet Quality Guide
A1: Quality Guide - what 'highest quality' means for each item
A3: SALTY BOREHOLE WATER
A4: Taps, mixers, showers | B4: Ask for SUS316L stainless bodies. Not 304, not zinc alloy, not chrome-plated brass - all of these pit, blister or leak in salty water. Finish: PVD (brushed gunmetal or brushed stainless), far harder than plating. Cartridges: Sedal or Kerox. Buy spare cartridges and aerators.
A5: How to check it is 316 | B5: Ask for the mill certificate and test a sample at the factory with a handheld XRF alloy tester (many '316' items are 201 or 304). A magnet test does not work. Write 'SUS316L - XRF verified' on every order.
A6: Cisterns, drains, heaters | B6: Cistern fill and flush valves: plastic or stainless, never brass. Floor and shower drains: 316L. Water heaters: titanium-enamel or glass-lined tank with magnesium anode; buy spare anodes.
A7: DOOR HARDWARE (doors made locally)
A8: Buy hardware BEFORE the doors are made | B8: Give the carpenter the actual hinges, lock cases, concealed closers and drop seals (or their technical sheets). Lock backset, hinge size, closer channel and seal groove must be cut into the door. Doors: minimum 45 mm thick hardwood, 4 hinges each - 2.7 m doors are heavy.
A9: Hinges | B9: Ball-bearing butt hinges, EN 1935 Grade 13, solid SUS316 with SUS316 screws, 102 x 76 x 3 mm, 4 per door. Brands: Simonswerk, Hafele, Dormakaba.
A10: Handles & locks | B10: Solid SUS316 lever handles on roses (not hollow, not plated), PVD finish. Silent magnetic latches for all rooms; EN 12209 Grade 3 sashlock with deadbolt on the entrance. Brands: Hoppe, Hafele, Dormakaba, ASSA ABLOY / Yale.
A11: Cylinders & keys | B11: Euro cylinders EN 1303 Grade 6 (anti-snap, anti-drill, anti-bump) with a registered key profile so nobody can copy keys. Order the whole house as one master-key system: one owner key opens everything, each room has its own key. The supplier needs the Doors sheet.
A12: Entrance door | B12: Security sashlock + Grade 6 cylinder, concealed closer with hold-open, digital door viewer, perimeter weather seal, drop-down bottom seal. A fingerprint smart lock is optional but recommended - choose a timber-door model and check it fits the stile.
A13: Door closers | B13: Concealed, adjustable EN 1154 size 2-5 with backcheck, delayed action and hold-open - Dormakaba or GEZE. Mortised into the door top, so the carpenter needs them first. Listed for entrance, verandah and roof-terrace doors.
A14: Bottom seals | B14: Automatic drop-down seals mortised into the door bottom (Planet or Athmer type): drop when the door closes, lift when it opens - no dust, insects, noise or AC loss, no floor rubbing. One per door; the carpenter grooves the door bottom.
A15: Door stops & holders | B15: Floor stops in SUS316 with replaceable rubber. Kitchen, pantry, closet and gym get magnetic hold-open holders. Push-in rubber silencers in every frame.
A16: Where to buy | B16: Only from authorised brand dealers (Hafele, Dormakaba, GEZE, ASSA ABLOY have official showrooms in Guangzhou / Shanghai) - never from general hardware markets, where fakes are common. Ask for the dealer authorisation letter and the brand warranty card.
A17: WATER TREATMENT - RO 1000 L/h
A18: First: test the water | B18: Have the borehole water tested in Dar before asking for quotes: TDS, chloride, sodium, hardness, iron, manganese, silica, pH. A brackish RO plant is sized from these numbers - a supplier who quotes without them is guessing.
A19: What a good plant has | B19: SS316 high-pressure pump (Grundfos or CNP), DuPont FilmTec or Toray brackish membranes in SS316 housings, PLC with conductivity meter, auto-flush, pressure protection, 55-65% recovery. Pre-treatment: sand filter, carbon filter, antiscalant dosing, 5-micron cartridge; softener only if hardness is high. Post-treatment: remineralisation (RO water is corrosive on its own) and UV.
A20: Size & power | B20: 1000 L/h is 24,000 L/day at full run - about 3 hours a day covers 3,000 L. Needs a raw-water tank, a product-water tank and 380 V 3-phase (2-4 kW). Buy 12 months of consumables and spare membranes with the plant.
A21: WINDOWS
A22: Frame colour | B22: Matte anthracite grey RAL 7016 - reads dark against the white facade and stone, shows less dust and salt than black, runs cooler in the sun. Same colour for outdoor wall lights.
A23: Spec | B23: Thermal-break aluminium >= 1.4 mm walls, coastal powder coat (Qualicoat Class 2 / AAMA 2604), SUS316 hardware and screws, 6 mm solar-control Low-E (grey) + 12 mm gap + 6 mm clear, both tempered; obscure inner pane in bathrooms. Re-measure every opening after plastering and give the factory the finished sizes.
A24: TILES
A25: Formats | B25: Main floors and bathroom walls: 1200 x 2400 slabs, satin finish (gloss is slippery and shows scratches). Bathroom floors: 600 x 1200 R11 anti-slip (needed to slope to the drain). Stairs: treads with anti-slip nosing and matching risers. Balconies, lobby, terrace: 600 x 1200 x 20 mm outdoor. Carport and verandah: 20 mm heavy-duty, dark grey like the driveway pavers.
A26: Extra for cuts & breakage | B26: 12% is set on the Start Here sheet and applied to every tile line. Order each type in ONE batch and keep one box per type as spares - you cannot top up from China with a matching shade later.
A27: Moving slabs | B27: A 1200 x 2400 slab is about 50 kg and will not go up the stair - hoist first-floor slabs through the balcony openings. Buy the suction lifter and levelling clips on the list. Use C2TE S1 flexible adhesive, full back-buttering, and fixers who have laid slabs before.
A28: SWITCHES, SOCKETS, LIGHTS
A29: Switches & sockets | B29: UK standard (BS 1363 / BS 5733), square 86 x 86 mm plates for the UK back boxes already in the walls, 220-240 V 50 Hz. One range for the whole house. Count the boxes room by room with the electrician before ordering.
A30: Lights | B30: Downlights CRI > 90 with flicker-free drivers; 3000K in living areas and bedrooms, 4000K in kitchen, pantry, office and gym; IP65 in bathrooms, balconies, carport and verandah. The list already includes 5-10% spares from the same batch.
A31: KITCHEN & FURNITURE
A32: Cabinets | B32: No particleboard or MDF carcasses in Dar humidity - aluminium honeycomb, stainless steel or E0 marine plywood. Doors in matte lacquer, PET or Fenix. Worktop and island: sintered stone. Hardware: Blum or Hettich soft-close.
A33: Appliances | B33: Confirm induction vs gas before buying the hob. All appliances 220-240 V 50 Hz. Fridge and oven have no local warranty if imported - consider buying those in Dar.
A34: Master bed | B34: Mattress 1930 x 2130 mm (King width, 7 ft long). Chinese factories default to 2000 mm long - write the size in mm on the order and make sure frame, mattress and bedding match.
A35: WHERE TO BUY
A36: Markets | B36: Tiles: Foshan (Nanzhuang / China Ceramics City). Sanitary ceramics: Chaozhou and Foshan. Taps: Kaiping / Heshan. Lighting: Guzhen, Zhongshan. Switches: Foshan or Yueqing. Windows: Foshan. Furniture: Foshan Lecong and Longjiang. Kitchens: Foshan / Guangzhou. Door hardware and RO: brand dealers in Guangzhou / Shanghai.
A37: Before final payment | B37: Inspect every order (or hire a third-party inspector): count against the By Room printout, check sizes, finish and batch codes, test-fit a switch in a UK back box, open 10% of tile boxes.

Sheet Lists
A1: Category | B1: Status | C1: Unit | D1: YesNo | E1: DoorType | F1: Stop
A2: Tiles | B2: To buy | C2: pcs | D2: Y | E2: Entrance | F2: Floor stop
A3: Sanitary | B3: Ordered | C3: set | D3: N | E3: External | F3: Magnetic holder
A4: Lighting | B4: Paid | C4: m² | E4: Bedroom
A5: Windows | B5: Shipped | C5: lm | E5: Bathroom
A6: Switches & Sockets | B6: Received | C6: m | E6: Keyed
A7: Door Hardware | E7: Passage
A8: Kitchen
A9: Dining
A10: Living Room
A11: Master Bedroom
A12: Water Treatment (RO)
A13: Tools & Spares
